usage_id,utility_id,program_id,usage_date,kwh,peak_kw,customer_count,incentive_paid_usd,compliance_flag
USG000001,U01,P_EE,2024-01-01,142144.2,744.58,3864,9265.42,Y
USG000002,U01,P_SR,2024-01-01,159321.3,909.59,821,10301.61,Y
USG000003,U02,P_EE,2024-01-01,174892.4,2056.94,3295,20370.73,Y
USG000004,U02,P_DR,2024-01-01,208766.9,2383.73,342,8146.26,Y
USG000005,U02,P_SR,2024-01-01,195636.6,1641.86,4891,20393.69,Y
USG000006,U02,P_EV,2024-01-01,127444.4,799.05,3796,10893.97,N
USG000007,U03,P_EE,2024-01-01,248944.5,1376.71,2130,12827.54,Y
USG000008,U03,P_DR,2024-01-01,12289.2,83.27,934,737.84,Y
USG000009,U03,P_SR,2024-01-01,239720.4,1319.49,54,9912.48,Y
USG000010,U03,P_EV,2024-01-01,245187.9,1920.17,648,18787.32,Y
USG000011,U04,P_EE,2024-01-01,71095.0,785.95,2774,1529.61,N
USG000012,U04,P_DR,2024-01-01,33908.0,309.47,877,715.31,N
USG000013,U04,P_SR,2024-01-01,48531.1,329.88,3715,3440.2,Y
USG000014,U04,P_EV,2024-01-01,99019.2,777.34,1793,1985.05,Y
USG000015,U05,P_EE,2024-01-01,9809.5,95.72,4981,825.8,Y
USG000016,U05,P_EV,2024-01-01,7345.9,47.94,2477,430.59,Y
USG000017,U01,P_DR,2024-01-02,64538.2,424.16,3094,5306.0,Y
USG000018,U01,P_SR,2024-01-02,123512.5,829.23,3212,4728.4,Y
USG000019,U02,P_DR,2024-01-02,182720.8,1845.35,4587,7246.52,N
USG000020,U02,P_SR,2024-01-02,152865.9,1170.71,900,4724.28,Y
USG000021,U03,P_EE,2024-01-02,67960.4,379.99,4936,4696.06,Y
USG000022,U03,P_DR,2024-01-02,244408.7,2568.18,3976,18559.57,Y
USG000023,U03,P_EV,2024-01-02,54974.8,670.51,2255,3361.31,Y
USG000024,U04,P_SR,2024-01-02,145181.5,1515.63,3016,4913.06,N
USG000025,U04,P_EV,2024-01-02,165948.4,1018.42,4837,19031.86,Y
USG000026,U05,P_EE,2024-01-02,121324.3,987.21,2604,14107.24,Y
USG000027,U05,P_DR,2024-01-02,23334.2,264.94,2598,1210.82,Y
USG000028,U05,P_EV,2024-01-02,185566.3,986.93,1111,18431.68,Y
USG000029,U01,P_EE,2024-01-03,172860.8,918.98,3467,19779.41,Y
USG000030,U01,P_DR,2024-01-03,145337.8,937.69,3182,8417.62,Y
USG000031,U01,P_SR,2024-01-03,24649.5,157.28,2157,2661.63,Y
USG000032,U01,P_EV,2024-01-03,185084.3,1236.25,3658,12264.1,Y
USG000033,U02,P_EE,2024-01-03,131060.2,1117.99,768,8924.63,Y
USG000034,U02,P_DR,2024-01-03,32656.8,188.12,4033,1488.6,Y
USG000035,U02,P_SR,2024-01-03,40089.0,261.32,4296,1481.72,Y
USG000036,U02,P_EV,2024-01-03,113273.5,605.72,2728,6850.3,Y
USG000037,U03,P_DR,2024-01-03,202467.2,1067.27,1804,11832.56,Y
USG000038,U04,P_EE,2024-01-03,224435.0,2644.5,575,25810.03,Y
USG000039,U04,P_DR,2024-01-03,32643.2,239.04,1803,3365.17,N
USG000040,U04,P_SR,2024-01-03,125999.5,1069.2,3756,6556.34,Y
USG000041,U05,P_EE,2024-01-03,171172.4,1505.1,2951,8713.19,Y
USG000042,U05,P_DR,2024-01-03,104271.3,1014.41,2232,4560.92,Y
USG000043,U05,P_SR,2024-01-03,246083.1,2622.46,943,20424.02,Y
USG000044,U05,P_EV,2024-01-03,172700.7,1661.85,3942,7875.88,Y
USG000045,U01,P_EE,2024-01-04,136037.9,1612.95,1905,6425.82,Y
USG000046,U01,P_DR,2024-01-04,236970.6,1692.04,1354,14064.59,Y
USG000047,U01,P_EV,2024-01-04,181982.4,1903.8,3765,7222.46,Y
USG000048,U02,P_EE,2024-01-04,144359.4,778.14,2860,9581.25,Y
USG000049,U02,P_SR,2024-01-04,200585.0,1050.69,1061,8290.11,N
USG000050,U02,P_EV,2024-01-04,244452.8,1692.48,2674,11290.86,Y
USG000051,U03,P_SR,2024-01-04,139824.0,812.04,4043,15656.91,Y
USG000052,U03,P_EV,2024-01-04,20693.9,117.59,1466,1517.12,Y
USG000053,U04,P_EE,2024-01-04,249956.9,1329.08,4295,25994.93,N
USG000054,U04,P_DR,2024-01-04,125682.4,648.19,754,12038.35,N
USG000055,U04,P_SR,2024-01-04,76091.6,454.38,1396,5499.77,Y
USG000056,U05,P_EE,2024-01-04,212088.8,1127.75,1755,10698.95,Y
USG000057,U05,P_DR,2024-01-04,133435.4,896.99,1696,8154.02,Y
USG000058,U05,P_SR,2024-01-04,153280.8,1839.43,410,10975.18,N
USG000059,U05,P_EV,2024-01-04,247403.4,2614.38,813,22043.32,Y
USG000060,U01,P_EE,2024-01-05,117439.0,616.5,3360,5510.4,N
USG000061,U01,P_DR,2024-01-05,88221.8,469.0,3953,6395.92,Y
USG000062,U01,P_EV,2024-01-05,231691.3,2425.19,236,5459.22,Y
USG000063,U02,P_DR,2024-01-05,83910.2,684.19,4136,2558.3,Y
USG000064,U02,P_SR,2024-01-05,157763.9,949.68,4394,17018.49,Y
USG000065,U02,P_EV,2024-01-05,106283.5,740.54,1358,7845.67,Y
USG000066,U03,P_EE,2024-01-05,213558.3,1392.12,1167,9239.78,Y
USG000067,U03,P_DR,2024-01-05,82389.1,699.41,1644,3445.05,Y
USG000068,U03,P_SR,2024-01-05,37813.4,347.8,772,1737.52,Y
USG000069,U03,P_EV,2024-01-05,235591.6,1622.61,1082,9438.88,Y
USG000070,U04,P_DR,2024-01-05,92609.0,518.77,3009,2920.98,Y
USG000071,U04,P_SR,2024-01-05,172992.2,1684.76,627,11799.34,Y
USG000072,U05,P_EE,2024-01-05,131132.0,884.54,1250,5108.52,Y
USG000073,U05,P_SR,2024-01-05,247623.8,1294.92,830,19309.18,Y
USG000074,U05,P_EV,2024-01-05,118207.3,688.19,2727,6984.68,N
USG000075,U01,P_EE,2024-01-06,110369.9,725.59,158,9204.92,Y
USG000076,U01,P_DR,2024-01-06,49411.0,367.44,3082,2990.86,Y
USG000077,U01,P_SR,2024-01-06,28226.4,161.22,2701,3085.67,N
USG000078,U01,P_EV,2024-01-06,51782.2,344.86,2843,5203.19,Y
USG000079,U02,P_SR,2024-01-06,44209.1,230.19,1141,4847.73,Y
USG000080,U02,P_EV,2024-01-06,192481.1,1495.7,1564,5207.61,Y
USG000081,U03,P_SR,2024-01-06,247691.9,1315.24,456,10702.95,Y
USG000082,U04,P_EE,2024-01-06,144546.0,1004.0,3241,10330.68,N
USG000083,U04,P_DR,2024-01-06,176806.4,1031.49,4759,3939.61,Y
USG000084,U04,P_SR,2024-01-06,67875.2,529.5,463,6524.88,N
USG000085,U05,P_EV,2024-01-06,106843.4,749.88,866,8953.61,Y
USG000086,U01,P_EE,2024-01-07,168765.2,867.06,3215,19073.06,Y
USG000087,U01,P_DR,2024-01-07,242667.1,1328.37,4489,19684.47,Y
USG000088,U01,P_SR,2024-01-07,126160.6,1105.39,3315,10065.5,Y
USG000089,U01,P_EV,2024-01-07,123394.4,1098.1,2372,10656.25,Y
USG000090,U02,P_DR,2024-01-07,148523.0,952.32,3398,14178.67,N
USG000091,U03,P_EE,2024-01-07,147527.9,884.63,2665,4034.95,Y
USG000092,U03,P_DR,2024-01-07,122014.1,620.05,2046,2994.64,Y
USG000093,U03,P_SR,2024-01-07,182070.8,1336.77,2058,14631.63,Y
USG000094,U04,P_EE,2024-01-07,33901.4,184.91,2972,2468.36,Y
USG000095,U04,P_DR,2024-01-07,39245.7,301.8,4973,1813.66,N
USG000096,U04,P_SR,2024-01-07,187247.4,1053.04,1172,21582.79,Y
USG000097,U05,P_DR,2024-01-07,197155.7,1272.0,2992,9360.07,Y
USG000098,U05,P_SR,2024-01-07,189570.7,1844.47,2089,13310.69,Y
USG000099,U05,P_EV,2024-01-07,14679.4,168.16,2269,674.55,Y
USG000100,U01,P_EE,2024-01-08,30105.1,207.62,643,2877.41,Y
USG000101,U01,P_DR,2024-01-08,159620.8,1279.2,3970,8844.58,Y
USG000102,U01,P_EV,2024-01-08,210445.7,2366.64,1031,13622.35,Y
USG000103,U02,P_EE,2024-01-08,188093.6,1483.21,1284,10701.59,Y
USG000104,U02,P_SR,2024-01-08,207408.5,2032.14,3074,16190.09,N
USG000105,U02,P_EV,2024-01-08,24234.4,269.38,4672,1861.12,N
USG000106,U03,P_DR,2024-01-08,23639.4,223.88,4995,665.94,Y
USG000107,U03,P_SR,2024-01-08,192216.5,1610.47,1220,8049.12,Y
USG000108,U03,P_EV,2024-01-08,33758.6,204.46,4713,2683.03,Y
USG000109,U04,P_EE,2024-01-08,201747.1,1730.67,2651,8497.86,Y
USG000110,U04,P_SR,2024-01-08,10908.7,67.65,4840,640.97,Y
USG000111,U04,P_EV,2024-01-08,95220.6,750.78,1318,9868.44,Y
USG000112,U05,P_DR,2024-01-08,220820.1,1940.86,232,9301.83,Y
USG000113,U05,P_SR,2024-01-08,144028.3,734.95,3513,3803.16,Y
USG000114,U05,P_EV,2024-01-08,25591.3,284.98,913,2812.67,Y
USG000115,U01,P_DR,2024-01-09,28875.1,162.27,3507,1286.24,Y
USG000116,U01,P_SR,2024-01-09,227395.6,1885.85,3810,13516.0,Y
USG000117,U01,P_EV,2024-01-09,86576.8,898.04,4048,6383.65,Y
USG000118,U02,P_EE,2024-01-09,229169.3,1772.76,2910,24143.08,N
USG000119,U02,P_DR,2024-01-09,222718.5,1142.53,249,16121.62,Y
USG000120,U02,P_SR,2024-01-09,108294.7,830.13,1247,4826.92,Y
USG000121,U02,P_EV,2024-01-09,97003.0,968.88,1724,5716.65,Y
USG000122,U03,P_DR,2024-01-09,120504.0,718.6,2536,10218.5,Y
USG000123,U03,P_SR,2024-01-09,189518.1,2309.5,3990,21023.15,Y
USG000124,U04,P_DR,2024-01-09,149145.9,981.2,3915,11853.91,Y
USG000125,U04,P_SR,2024-01-09,224157.6,1747.16,2603,18532.36,N
USG000126,U04,P_EV,2024-01-09,123766.2,964.56,2852,10646.99,Y
USG000127,U05,P_EE,2024-01-09,59146.3,688.03,1150,5923.01,N
USG000128,U05,P_DR,2024-01-09,199703.5,1155.02,524,17125.64,Y
USG000129,U05,P_SR,2024-01-09,219142.5,1161.77,3736,21843.53,N
USG000130,U05,P_EV,2024-01-09,43536.1,440.52,2686,1500.86,Y
USG000131,U01,P_EE,2024-01-10,248314.1,2217.46,4429,6280.89,Y
USG000132,U01,P_SR,2024-01-10,212314.8,1188.44,725,11714.0,Y
USG000133,U01,P_EV,2024-01-10,174954.5,1945.17,4855,13006.27,Y
USG000134,U02,P_EV,2024-01-10,196447.3,1479.02,354,14603.33,N
USG000135,U03,P_DR,2024-01-10,81295.0,693.11,672,6149.08,N
USG000136,U03,P_SR,2024-01-10,21424.9,240.94,1201,655.07,N
USG000137,U03,P_EV,2024-01-10,187925.9,1079.23,1048,16047.68,Y
USG000138,U04,P_EE,2024-01-10,179381.1,1309.06,2454,13706.8,N
USG000139,U04,P_DR,2024-01-10,214736.1,1184.16,1743,23653.89,Y
USG000140,U04,P_EV,2024-01-10,137243.1,1185.33,2813,13105.65,Y
USG000141,U05,P_SR,2024-01-10,85702.5,443.13,4660,5740.52,Y
USG000142,U05,P_EV,2024-01-10,98697.3,1070.19,823,3271.22,Y
USG000143,U01,P_DR,2024-01-11,210045.3,1389.84,788,6310.44,Y
USG000144,U02,P_EE,2024-01-11,22807.2,119.74,3548,2570.14,Y
USG000145,U02,P_DR,2024-01-11,192881.0,1080.37,3211,13168.84,N
USG000146,U02,P_SR,2024-01-11,183099.9,1192.28,2652,21641.51,Y
USG000147,U02,P_EV,2024-01-11,154108.0,1874.22,2761,5991.1,Y
USG000148,U03,P_EE,2024-01-11,31038.1,247.68,4222,1653.57,Y
USG000149,U03,P_DR,2024-01-11,154802.1,1563.64,4464,17074.62,Y
USG000150,U03,P_SR,2024-01-11,127601.8,1315.34,1673,15143.5,Y
USG000151,U03,P_EV,2024-01-11,11543.5,72.54,731,388.18,N
USG000152,U04,P_EE,2024-01-11,175789.8,1471.02,3008,8194.75,Y
USG000153,U04,P_DR,2024-01-11,183796.5,1691.86,4713,13663.9,Y
USG000154,U04,P_SR,2024-01-11,69770.2,368.92,2791,5592.12,Y
USG000155,U04,P_EV,2024-01-11,5930.7,36.56,3028,261.46,Y
USG000156,U05,P_EE,2024-01-11,50465.6,346.26,674,3302.22,N
USG000157,U05,P_SR,2024-01-11,235163.9,1478.97,2570,22484.15,N
USG000158,U05,P_EV,2024-01-11,161879.5,943.36,1348,6467.65,N
USG000159,U01,P_DR,2024-01-12,33977.7,264.03,2804,2445.62,Y
USG000160,U01,P_EV,2024-01-12,18100.9,103.98,1235,1091.81,N
USG000161,U02,P_EE,2024-01-12,120127.9,928.55,4676,11508.67,Y
USG000162,U02,P_DR,2024-01-12,248680.6,1377.05,3400,25492.63,Y
USG000163,U02,P_SR,2024-01-12,226785.8,1584.63,4350,16343.92,N
USG000164,U02,P_EV,2024-01-12,83569.1,965.43,3598,7788.7,Y
USG000165,U03,P_EE,2024-01-12,79664.4,526.84,621,3539.83,N
USG000166,U03,P_SR,2024-01-12,243274.7,1774.62,913,17667.08,Y
USG000167,U03,P_EV,2024-01-12,165926.8,860.49,610,19899.22,Y
USG000168,U04,P_EE,2024-01-12,108243.6,612.82,1866,9195.36,N
USG000169,U04,P_DR,2024-01-12,226336.5,2464.8,1114,7328.68,N
USG000170,U05,P_EV,2024-01-12,204784.3,1604.01,2970,18272.43,Y
USG000171,U01,P_SR,2024-01-13,80422.9,575.23,3921,8675.46,Y
USG000172,U02,P_EE,2024-01-13,224715.4,2171.99,2951,24703.63,Y
USG000173,U02,P_SR,2024-01-13,248874.0,2387.48,1985,9743.62,Y
USG000174,U02,P_EV,2024-01-13,79989.5,449.07,2293,8555.57,Y
USG000175,U03,P_DR,2024-01-13,195836.7,1508.52,1437,8288.54,Y
USG000176,U03,P_EV,2024-01-13,70892.7,425.99,4157,6129.32,Y
USG000177,U04,P_EE,2024-01-13,167192.1,898.24,4882,11969.5,Y
USG000178,U04,P_DR,2024-01-13,49238.1,459.68,1135,4135.66,Y
USG000179,U04,P_SR,2024-01-13,23682.4,124.61,654,1730.74,Y
USG000180,U05,P_EE,2024-01-13,136627.4,1044.44,4707,3923.46,Y
USG000181,U05,P_DR,2024-01-13,51432.7,506.63,4540,1176.92,Y
USG000182,U05,P_SR,2024-01-13,13234.8,97.75,4841,773.85,N
USG000183,U01,P_DR,2024-01-14,227873.5,1923.04,4010,22399.86,Y
USG000184,U01,P_SR,2024-01-14,212122.3,1308.5,4314,20032.07,Y
USG000185,U01,P_EV,2024-01-14,193952.2,2075.39,3618,8443.6,N
USG000186,U02,P_EE,2024-01-14,67760.3,408.36,1982,3114.8,Y
USG000187,U02,P_DR,2024-01-14,152808.6,1372.2,1708,12176.22,Y
USG000188,U02,P_SR,2024-01-14,218855.6,2154.0,1293,17690.12,N
USG000189,U02,P_EV,2024-01-14,128409.9,769.95,303,3499.63,Y
USG000190,U03,P_EE,2024-01-14,138093.3,789.14,1999,11368.15,Y
USG000191,U04,P_EE,2024-01-14,133736.9,1196.57,4872,9339.45,Y
USG000192,U04,P_DR,2024-01-14,65794.3,471.22,4931,6491.96,Y
USG000193,U04,P_EV,2024-01-14,176169.9,1071.26,395,5785.73,Y
USG000194,U05,P_DR,2024-01-14,187510.6,2213.64,2021,11435.45,Y
USG000195,U05,P_EV,2024-01-14,120613.7,627.32,330,10612.24,Y
USG000196,U01,P_SR,2024-01-15,107493.3,1190.11,1911,6062.61,Y
USG000197,U01,P_EV,2024-01-15,231174.9,2176.81,1364,13941.01,Y
USG000198,U02,P_EE,2024-01-15,144013.9,760.21,4888,16185.87,Y
USG000199,U02,P_DR,2024-01-15,101268.2,558.98,3172,5860.67,Y
USG000200,U03,P_DR,2024-01-15,45147.8,432.3,1806,3584.23,Y
USG000201,U03,P_SR,2024-01-15,125102.7,806.08,1537,13294.97,Y
USG000202,U03,P_EV,2024-01-15,107698.7,1257.29,2315,6061.47,Y
USG000203,U04,P_EE,2024-01-15,132131.2,781.87,4245,7834.84,Y
USG000204,U04,P_SR,2024-01-15,42612.1,221.48,2996,1436.41,Y
USG000205,U04,P_EV,2024-01-15,227232.4,2756.08,2688,23605.36,N
USG000206,U05,P_DR,2024-01-15,84686.2,490.98,4304,7361.1,Y
USG000207,U05,P_SR,2024-01-15,63383.6,746.58,1285,4524.94,Y
USG000208,U01,P_DR,2024-01-16,138276.8,1435.59,4540,6366.14,N
USG000209,U01,P_SR,2024-01-16,41061.8,392.65,2346,3017.93,N
USG000210,U01,P_EV,2024-01-16,99694.2,542.06,1901,3017.14,Y
USG000211,U03,P_EE,2024-01-16,143654.9,811.37,2491,12360.35,Y
USG000212,U03,P_DR,2024-01-16,57970.3,356.29,1050,6696.4,Y
USG000213,U03,P_EV,2024-01-16,27023.4,205.78,3264,1872.5,N
USG000214,U04,P_EE,2024-01-16,85405.0,611.55,2342,3600.9,N
USG000215,U04,P_SR,2024-01-16,90926.0,549.48,4313,2664.56,Y
USG000216,U04,P_EV,2024-01-16,202027.5,1470.39,2155,18210.23,Y
USG000217,U05,P_EE,2024-01-16,10646.0,83.85,3034,1181.37,N
USG000218,U05,P_SR,2024-01-16,212465.0,1831.61,2716,23075.45,Y
USG000219,U01,P_DR,2024-01-17,143600.5,1288.73,1573,12095.74,N
USG000220,U01,P_SR,2024-01-17,238891.1,1934.1,4769,21674.28,Y
USG000221,U01,P_EV,2024-01-17,158698.3,1027.19,3416,12899.21,Y
USG000222,U02,P_DR,2024-01-17,220532.7,1752.69,3203,5251.67,Y
USG000223,U02,P_SR,2024-01-17,71850.3,515.41,3925,8456.62,Y
USG000224,U02,P_EV,2024-01-17,71098.1,640.65,1852,3089.57,Y
USG000225,U03,P_EE,2024-01-17,245049.0,3047.13,4531,16996.88,Y
USG000226,U03,P_DR,2024-01-17,142387.2,792.22,2782,6607.72,Y
USG000227,U03,P_SR,2024-01-17,81772.6,492.86,3295,7249.58,Y
USG000228,U03,P_EV,2024-01-17,44070.0,285.07,4069,4429.0,Y
USG000229,U04,P_EE,2024-01-17,74998.5,441.49,4424,5237.65,Y
USG000230,U04,P_DR,2024-01-17,178013.5,936.46,1082,19180.58,Y
USG000231,U04,P_SR,2024-01-17,221975.6,1893.65,3749,15812.54,N
USG000232,U05,P_EE,2024-01-17,106113.0,769.85,2873,4816.42,N
USG000233,U05,P_SR,2024-01-17,95090.2,587.19,1553,5076.29,Y
USG000234,U05,P_EV,2024-01-17,207992.3,1404.44,3495,17497.33,Y
USG000235,U01,P_EE,2024-01-18,208595.5,1184.2,1075,8361.73,Y
USG000236,U02,P_EE,2024-01-18,235546.1,1199.0,1145,11024.07,Y
USG000237,U02,P_DR,2024-01-18,159708.7,1251.58,1186,3971.97,Y
USG000238,U02,P_SR,2024-01-18,52481.3,427.46,4461,6264.3,Y
USG000239,U02,P_EV,2024-01-18,226659.5,1259.69,4007,8414.27,Y
USG000240,U03,P_DR,2024-01-18,210478.7,1845.53,3258,19403.46,N
USG000241,U03,P_SR,2024-01-18,245338.7,1936.04,1824,18301.0,Y
USG000242,U03,P_EV,2024-01-18,209290.0,1426.24,2109,22614.34,N
USG000243,U04,P_EV,2024-01-18,40191.4,259.24,2294,2098.57,Y
USG000244,U05,P_EE,2024-01-18,94631.9,851.39,469,3327.4,Y
USG000245,U05,P_DR,2024-01-18,80788.0,903.56,1545,4332.64,Y
USG000246,U05,P_SR,2024-01-18,54540.2,296.3,4017,1265.97,Y
USG000247,U05,P_EV,2024-01-18,102004.8,1173.58,4560,8330.81,Y
USG000248,U01,P_DR,2024-01-19,216826.3,1087.86,3680,16722.83,Y
USG000249,U02,P_EV,2024-01-19,189623.1,1617.93,4262,12625.87,Y
USG000250,U03,P_DR,2024-01-19,192880.6,1725.35,2057,19139.34,N
USG000251,U03,P_SR,2024-01-19,201754.5,1125.11,876,22922.09,N
USG000252,U03,P_EV,2024-01-19,177789.1,1615.4,242,3724.44,Y
USG000253,U04,P_DR,2024-01-19,95483.1,601.14,3037,7895.56,N
USG000254,U04,P_SR,2024-01-19,73407.8,389.19,2684,5830.05,Y
USG000255,U05,P_EE,2024-01-19,56778.0,335.6,4524,2864.36,Y
USG000256,U01,P_EE,2024-01-20,110533.7,1362.38,4167,2787.79,Y
USG000257,U01,P_SR,2024-01-20,238311.9,2279.14,1480,12413.53,Y
USG000258,U01,P_EV,2024-01-20,83775.0,612.38,1849,5858.32,Y
USG000259,U02,P_EE,2024-01-20,22137.7,174.57,2689,2394.11,Y
USG000260,U02,P_DR,2024-01-20,7469.3,44.56,3147,829.88,Y
USG000261,U02,P_EV,2024-01-20,222469.6,1217.26,3523,15680.77,Y
USG000262,U03,P_DR,2024-01-20,187314.9,1415.39,3877,11601.71,N
USG000263,U03,P_SR,2024-01-20,96986.8,669.15,398,6936.81,Y
USG000264,U03,P_EV,2024-01-20,115659.3,1013.66,428,9189.96,Y
USG000265,U04,P_DR,2024-01-20,248253.6,1472.8,2613,9639.55,N
USG000266,U04,P_SR,2024-01-20,103513.7,562.28,1087,9863.29,N
USG000267,U05,P_DR,2024-01-20,198532.3,2044.99,988,19807.06,Y
USG000268,U05,P_SR,2024-01-20,20881.7,113.23,2855,941.16,Y
USG000269,U05,P_EV,2024-01-20,136398.3,741.84,1655,9398.69,Y
USG000270,U01,P_DR,2024-01-21,197846.5,1424.48,2030,5384.59,N
USG000271,U01,P_SR,2024-01-21,193846.8,1328.5,588,19321.89,Y
USG000272,U01,P_EV,2024-01-21,48740.9,406.01,2882,5630.84,Y
USG000273,U02,P_EE,2024-01-21,33764.3,331.66,3233,780.48,N
USG000274,U02,P_DR,2024-01-21,22611.7,113.89,1743,1655.73,Y
USG000275,U02,P_SR,2024-01-21,183275.7,1768.26,3578,10597.32,Y
USG000276,U02,P_EV,2024-01-21,211939.8,1095.23,4990,8659.44,Y
USG000277,U03,P_SR,2024-01-21,119283.1,1249.14,1000,5470.22,Y
USG000278,U03,P_EV,2024-01-21,92596.9,894.32,615,8256.45,Y
USG000279,U04,P_EE,2024-01-21,193599.9,1861.13,635,16092.57,N
USG000280,U04,P_DR,2024-01-21,155119.8,1366.59,1145,10959.01,Y
USG000281,U04,P_EV,2024-01-21,62589.7,418.63,2383,2022.78,Y
USG000282,U05,P_EE,2024-01-21,24150.2,153.04,1898,2737.88,N
USG000283,U05,P_SR,2024-01-21,58993.3,376.33,3056,3652.27,Y
USG000284,U05,P_EV,2024-01-21,166332.2,1483.55,153,14505.23,Y
USG000285,U01,P_DR,2024-01-22,150358.6,817.4,3229,9331.91,Y
USG000286,U01,P_EV,2024-01-22,193412.7,2090.42,864,12632.29,Y
USG000287,U02,P_DR,2024-01-22,96748.8,580.14,2866,11512.03,Y
USG000288,U02,P_SR,2024-01-22,43147.6,486.42,1446,2868.63,Y
USG000289,U02,P_EV,2024-01-22,164720.6,1886.64,1870,19378.68,N
USG000290,U03,P_EE,2024-01-22,61338.6,423.13,951,7346.1,Y
USG000291,U03,P_DR,2024-01-22,165765.8,948.16,1836,11899.61,Y
USG000292,U03,P_SR,2024-01-22,208439.4,1469.25,835,19630.95,Y
USG000293,U04,P_EE,2024-01-22,175498.3,1006.53,2125,15151.83,N
USG000294,U04,P_DR,2024-01-22,34323.6,251.94,179,1959.59,Y
USG000295,U04,P_SR,2024-01-22,224475.2,2707.72,2926,13759.07,Y
USG000296,U04,P_EV,2024-01-22,28096.0,140.57,4670,911.97,Y
USG000297,U05,P_SR,2024-01-22,77023.0,444.46,2071,6090.84,N
USG000298,U01,P_DR,2024-01-23,141739.3,1048.94,904,14311.05,Y
USG000299,U01,P_EV,2024-01-23,47541.1,308.39,1024,2916.07,Y
USG000300,U02,P_DR,2024-01-23,31834.5,188.96,3134,1135.07,Y
USG000301,U02,P_SR,2024-01-23,125892.3,664.51,4499,10613.33,Y
USG000302,U02,P_EV,2024-01-23,78373.5,741.06,4446,2443.28,N
USG000303,U03,P_DR,2024-01-23,165236.0,886.45,1179,12688.68,Y
USG000304,U03,P_SR,2024-01-23,78340.2,464.32,2165,3290.67,Y
USG000305,U03,P_EV,2024-01-23,121833.7,990.38,3576,6504.32,Y
USG000306,U04,P_DR,2024-01-23,20125.4,140.4,4535,1051.95,Y
USG000307,U04,P_SR,2024-01-23,179714.2,2142.3,2995,12292.73,Y
USG000308,U04,P_EV,2024-01-23,134079.8,798.21,3109,8133.37,Y
USG000309,U05,P_DR,2024-01-23,240396.0,1940.61,4949,21486.5,Y
USG000310,U05,P_EV,2024-01-23,18731.8,183.57,1015,1341.55,Y
USG000311,U02,P_EE,2024-01-24,109252.1,596.33,3345,3165.94,Y
USG000312,U02,P_SR,2024-01-24,208726.6,1748.39,2649,7292.31,Y
USG000313,U02,P_EV,2024-01-24,162356.2,1870.27,4066,4025.63,Y
USG000314,U03,P_EE,2024-01-24,232192.5,1482.31,233,18970.03,Y
USG000315,U03,P_DR,2024-01-24,6366.9,37.8,3477,340.92,Y
USG000316,U04,P_EE,2024-01-24,39305.3,230.08,3628,3935.11,N
USG000317,U04,P_SR,2024-01-24,22505.6,239.67,2965,1949.54,Y
USG000318,U04,P_EV,2024-01-24,102306.7,627.99,4639,3211.17,Y
USG000319,U05,P_EV,2024-01-24,42993.1,380.86,3389,994.76,N
USG000320,U01,P_EE,2024-01-25,54071.3,329.0,4100,3750.51,N
USG000321,U01,P_DR,2024-01-25,123021.1,842.93,1414,11969.48,Y
USG000322,U02,P_SR,2024-01-25,132392.8,1045.54,4754,10443.24,N
USG000323,U02,P_EV,2024-01-25,148036.6,1075.4,3296,7816.66,N
USG000324,U03,P_SR,2024-01-25,145869.7,1315.96,575,14626.15,Y
USG000325,U03,P_EV,2024-01-25,180537.0,1368.45,584,13712.33,N
USG000326,U04,P_EE,2024-01-25,116666.8,842.87,1944,4505.95,Y
USG000327,U04,P_DR,2024-01-25,127652.0,1302.15,2933,9804.66,N
USG000328,U05,P_EE,2024-01-25,192358.7,1088.68,850,8599.55,Y
USG000329,U05,P_EV,2024-01-25,154408.5,1634.01,1607,12081.6,Y
USG000330,U01,P_EE,2024-01-26,94185.0,485.18,2432,7612.16,Y
USG000331,U01,P_SR,2024-01-26,47261.0,253.11,2450,2299.12,Y
USG000332,U02,P_SR,2024-01-26,236140.5,2403.2,3242,8503.53,Y
USG000333,U02,P_EV,2024-01-26,138228.1,822.44,4429,13136.99,Y
USG000334,U03,P_DR,2024-01-26,196087.0,1239.34,4494,8498.96,N
USG000335,U03,P_SR,2024-01-26,89681.9,846.54,4192,4221.53,Y
USG000336,U03,P_EV,2024-01-26,23463.0,160.72,4759,2675.94,Y
USG000337,U04,P_SR,2024-01-26,240472.9,2324.85,3059,12247.76,Y
USG000338,U05,P_EE,2024-01-26,21630.3,258.86,4727,741.87,Y
USG000339,U05,P_DR,2024-01-26,171465.8,1898.27,2951,13932.01,Y
USG000340,U05,P_SR,2024-01-26,29925.8,309.34,1630,834.01,N
USG000341,U01,P_EE,2024-01-27,225145.2,2482.7,2509,10268.02,Y
USG000342,U01,P_DR,2024-01-27,235027.6,1192.29,1317,24880.87,Y
USG000343,U01,P_SR,2024-01-27,199885.8,1001.51,4731,16245.55,Y
USG000344,U01,P_EV,2024-01-27,26167.9,183.88,310,808.99,Y
USG000345,U02,P_EE,2024-01-27,239504.7,2889.51,311,8361.52,Y
USG000346,U02,P_DR,2024-01-27,132342.7,884.59,730,2655.86,Y
USG000347,U02,P_SR,2024-01-27,57964.5,454.8,1950,3522.07,Y
USG000348,U03,P_EE,2024-01-27,225136.9,2065.12,441,17687.57,Y
USG000349,U03,P_DR,2024-01-27,91214.3,576.62,3443,3426.94,Y
USG000350,U03,P_EV,2024-01-27,59131.0,310.81,1564,2591.42,Y
USG000351,U04,P_EE,2024-01-27,145693.9,979.08,233,5602.25,Y
USG000352,U04,P_SR,2024-01-27,186146.1,1780.87,332,18434.36,Y
USG000353,U05,P_EE,2024-01-27,64889.0,611.35,3444,4912.88,Y
USG000354,U05,P_DR,2024-01-27,92332.8,487.71,3221,11079.73,N
USG000355,U05,P_SR,2024-01-27,196664.3,1631.0,1745,11396.18,Y
USG000356,U05,P_EV,2024-01-27,236266.3,2679.35,163,5954.56,Y
USG000357,U01,P_EE,2024-01-28,20951.1,110.42,1225,560.75,Y
USG000358,U01,P_DR,2024-01-28,240320.1,1253.12,2850,8136.17,Y
USG000359,U01,P_EV,2024-01-28,236672.5,2295.12,1161,21339.36,Y
USG000360,U02,P_EE,2024-01-28,182984.9,943.65,3767,10381.68,Y
USG000361,U02,P_DR,2024-01-28,40878.3,221.58,1564,3783.11,Y
USG000362,U03,P_EE,2024-01-28,72101.6,505.49,4700,4632.21,Y
USG000363,U03,P_DR,2024-01-28,24963.7,233.85,678,2800.09,Y
USG000364,U04,P_EE,2024-01-28,77135.1,440.43,4946,5089.0,N
USG000365,U04,P_DR,2024-01-28,51743.9,267.7,250,3305.93,N
USG000366,U04,P_SR,2024-01-28,74031.3,866.27,3336,6932.19,Y
USG000367,U04,P_EV,2024-01-28,10940.9,83.59,4139,888.62,Y
USG000368,U05,P_EE,2024-01-28,49728.2,607.76,2542,5827.7,Y
USG000369,U05,P_SR,2024-01-28,95496.8,698.32,2647,3498.64,Y
USG000370,U05,P_EV,2024-01-28,147338.1,1133.06,4474,11593.83,Y
USG000371,U01,P_DR,2024-01-29,62168.8,323.29,1382,4155.13,Y
USG000372,U01,P_SR,2024-01-29,233790.1,1987.63,4596,18320.49,Y
USG000373,U01,P_EV,2024-01-29,88235.7,563.19,76,4827.42,Y
USG000374,U02,P_EE,2024-01-29,231028.2,1630.35,3154,20460.23,N
USG000375,U02,P_DR,2024-01-29,126945.8,698.96,4708,8407.06,Y
USG000376,U02,P_EV,2024-01-29,20127.7,207.15,272,966.38,N
USG000377,U03,P_EV,2024-01-29,102657.0,1207.65,1646,11321.31,Y
USG000378,U04,P_EE,2024-01-29,141017.5,728.75,4063,14938.89,Y
USG000379,U04,P_SR,2024-01-29,128240.9,1058.98,1659,10857.0,N
USG000380,U04,P_EV,2024-01-29,244776.2,1287.94,2071,24414.65,Y
USG000381,U05,P_EE,2024-01-29,201312.9,1990.3,3946,10132.05,Y
USG000382,U05,P_SR,2024-01-29,239260.2,1505.25,3907,23728.8,N
USG000383,U05,P_EV,2024-01-29,162848.2,1856.03,1358,5038.21,Y
USG000384,U01,P_EE,2024-01-30,81104.4,792.73,2191,9611.06,Y
USG000385,U01,P_DR,2024-01-30,168935.3,1276.5,3388,16363.79,Y
USG000386,U01,P_SR,2024-01-30,236139.2,1507.0,4079,10035.29,Y
USG000387,U02,P_EE,2024-01-30,127476.4,645.43,1941,10881.69,Y
USG000388,U02,P_DR,2024-01-30,131377.6,1114.16,2285,11703.93,Y
USG000389,U02,P_SR,2024-01-30,173139.1,896.79,2758,9149.53,Y
USG000390,U02,P_EV,2024-01-30,76182.3,392.2,2531,8856.58,Y
USG000391,U03,P_SR,2024-01-30,124523.0,1478.06,4436,3116.33,Y
USG000392,U04,P_EE,2024-01-30,94239.3,713.47,3312,2544.15,Y
USG000393,U04,P_DR,2024-01-30,77423.7,422.65,4404,4756.93,N
USG000394,U04,P_SR,2024-01-30,198466.0,1044.65,697,6389.62,N
USG000395,U04,P_EV,2024-01-30,106904.9,687.45,4146,11786.83,Y
USG000396,U05,P_EE,2024-01-30,107819.1,1323.44,765,4198.17,Y
USG000397,U05,P_DR,2024-01-30,49994.1,254.71,4839,4633.37,Y
USG000398,U05,P_EV,2024-01-30,15166.0,174.41,547,959.2,Y
USG000399,U01,P_EE,2024-01-31,52492.0,475.84,509,3938.94,Y
USG000400,U01,P_SR,2024-01-31,112213.0,1176.96,3536,7834.95,Y
USG000401,U01,P_EV,2024-01-31,164164.1,1014.88,3399,4045.18,Y
USG000402,U02,P_DR,2024-01-31,103648.3,822.74,3253,9643.68,Y
USG000403,U03,P_EE,2024-01-31,246736.2,1334.78,1032,13217.06,Y
USG000404,U03,P_SR,2024-01-31,129659.8,1003.16,3317,13870.44,Y
USG000405,U04,P_EE,2024-01-31,178480.6,1333.88,3046,15397.48,Y
USG000406,U04,P_DR,2024-01-31,82308.0,531.5,3418,8827.94,Y
USG000407,U04,P_SR,2024-01-31,121019.9,652.24,3774,10399.05,N
USG000408,U04,P_EV,2024-01-31,23363.3,217.91,1923,2158.78,N
USG000409,U05,P_EE,2024-01-31,165084.9,1541.14,747,12202.25,Y
USG000410,U05,P_DR,2024-01-31,100881.3,558.01,2872,9748.99,Y
USG000411,U05,P_EV,2024-01-31,216633.0,1868.14,1660,20524.32,N
USG000412,U01,P_DR,2024-02-01,206213.5,1142.58,3255,5497.36,Y
USG000413,U01,P_SR,2024-02-01,146834.4,1332.58,4648,8921.58,Y
USG000414,U01,P_EV,2024-02-01,38438.9,221.32,2710,3881.35,Y
USG000415,U02,P_DR,2024-02-01,134433.7,964.21,1418,15089.62,N
USG000416,U02,P_SR,2024-02-01,75839.9,429.14,3490,6643.64,Y
USG000417,U02,P_EV,2024-02-01,117788.7,820.38,3651,9063.21,Y
USG000418,U03,P_EE,2024-02-01,190935.6,2144.37,2510,14242.52,Y
USG000419,U03,P_DR,2024-02-01,207965.5,1655.5,2291,7205.39,Y
USG000420,U03,P_SR,2024-02-01,102464.6,797.07,2598,8467.45,Y
USG000421,U04,P_DR,2024-02-01,161066.5,1935.72,1617,7479.87,N
USG000422,U04,P_EV,2024-02-01,168060.7,1462.07,2758,6912.37,Y
USG000423,U05,P_EE,2024-02-01,87579.5,472.35,1839,9158.71,Y
USG000424,U05,P_SR,2024-02-01,198102.5,1741.24,4189,23514.95,Y
USG000425,U05,P_EV,2024-02-01,152482.6,1288.52,2845,15064.74,N
USG000426,U01,P_SR,2024-02-02,192133.6,1404.75,2902,7994.33,Y
USG000427,U01,P_EV,2024-02-02,60491.9,488.97,1923,4191.74,Y
USG000428,U02,P_EE,2024-02-02,187643.9,1090.96,4500,21411.3,Y
USG000429,U02,P_EV,2024-02-02,246255.0,1619.97,3216,6467.88,Y
USG000430,U03,P_EE,2024-02-02,227682.4,1480.86,4586,10761.71,Y
USG000431,U03,P_DR,2024-02-02,83989.1,617.14,2417,3536.32,Y
USG000432,U03,P_SR,2024-02-02,93200.0,848.31,2443,4657.44,Y
USG000433,U04,P_DR,2024-02-02,70824.1,757.02,838,4738.71,Y
USG000434,U04,P_EV,2024-02-02,189741.2,1226.38,3689,16932.16,Y
USG000435,U05,P_EE,2024-02-02,100551.0,715.69,3888,6475.7,Y
USG000436,U05,P_EV,2024-02-02,163737.9,1932.94,3787,7949.89,Y
USG000437,U01,P_EE,2024-02-03,231093.3,1573.87,3841,20606.78,N
USG000438,U01,P_SR,2024-02-03,60515.8,404.44,1644,1660.46,Y
USG000439,U01,P_EV,2024-02-03,87289.5,665.35,4605,4450.31,Y
USG000440,U02,P_EE,2024-02-03,247635.6,2780.35,972,5284.26,Y
USG000441,U02,P_DR,2024-02-03,180143.2,1059.06,3717,13734.26,N
USG000442,U02,P_SR,2024-02-03,138925.4,1602.16,1468,3731.6,Y
USG000443,U02,P_EV,2024-02-03,58113.7,434.86,4502,5883.49,Y
USG000444,U03,P_DR,2024-02-03,231520.5,1518.36,2038,22269.72,Y
USG000445,U03,P_EV,2024-02-03,133173.7,675.38,1557,6156.06,Y
USG000446,U04,P_EE,2024-02-03,19018.5,226.13,1201,1884.72,Y
USG000447,U04,P_DR,2024-02-03,222183.7,1411.62,2682,22329.87,Y
USG000448,U05,P_DR,2024-02-03,217147.3,1864.14,2116,12761.12,Y
USG000449,U05,P_SR,2024-02-03,165452.4,1964.44,4890,7923.4,Y
USG000450,U05,P_EV,2024-02-03,21145.3,206.54,1992,1228.47,Y
USG000451,U01,P_EE,2024-02-04,169072.0,1088.38,3188,19191.71,Y
USG000452,U01,P_DR,2024-02-04,19425.9,139.71,3196,625.56,Y
USG000453,U02,P_EE,2024-02-04,95956.6,802.29,1265,10966.87,Y
USG000454,U02,P_EV,2024-02-04,162837.4,1049.18,3723,6345.15,Y
USG000455,U03,P_DR,2024-02-04,13196.5,128.45,3882,561.37,N
USG000456,U03,P_SR,2024-02-04,187722.2,1095.72,472,10338.58,Y
USG000457,U04,P_EV,2024-02-04,98338.8,1088.06,432,3331.02,Y
USG000458,U05,P_EE,2024-02-04,229496.9,2716.42,972,9867.77,Y
USG000459,U01,P_EE,2024-02-05,46185.8,460.77,4437,4579.91,N
USG000460,U01,P_SR,2024-02-05,129448.8,1022.81,3935,6568.53,Y
USG000461,U02,P_SR,2024-02-05,148969.6,1172.42,4488,7239.35,Y
USG000462,U03,P_EE,2024-02-05,220950.2,1157.12,932,24486.23,Y
USG000463,U04,P_EE,2024-02-05,29314.3,174.47,1571,2427.46,Y
USG000464,U04,P_DR,2024-02-05,32607.3,165.04,3450,3475.67,Y
USG000465,U04,P_SR,2024-02-05,170784.3,1144.43,4777,18604.77,Y
USG000466,U04,P_EV,2024-02-05,210611.2,1327.09,4735,7239.34,N
USG000467,U05,P_EE,2024-02-05,27020.0,155.96,559,1713.94,Y
USG000468,U05,P_SR,2024-02-05,100388.4,895.11,297,4643.55,Y
USG000469,U05,P_EV,2024-02-05,153370.7,1057.2,2202,6114.77,Y
USG000470,U01,P_EE,2024-02-06,33210.9,204.36,2738,2794.21,N
USG000471,U01,P_DR,2024-02-06,161227.3,1835.68,1954,16143.83,Y
USG000472,U01,P_SR,2024-02-06,214887.2,1117.85,3498,10060.55,N
USG000473,U02,P_EE,2024-02-06,196447.8,1358.44,1294,21901.34,Y
USG000474,U02,P_SR,2024-02-06,172910.0,1323.84,1551,12889.34,Y
USG000475,U02,P_EV,2024-02-06,170258.3,867.97,527,9691.15,Y
USG000476,U03,P_DR,2024-02-06,67759.9,612.24,3782,7156.6,Y
USG000477,U03,P_SR,2024-02-06,19055.5,120.78,3949,818.17,Y
USG000478,U03,P_EV,2024-02-06,213922.1,2155.8,2902,7018.71,Y
USG000479,U04,P_EE,2024-02-06,96344.9,609.92,3092,10443.78,Y
USG000480,U04,P_DR,2024-02-06,170914.4,867.65,2401,11007.73,Y
USG000481,U04,P_SR,2024-02-06,119761.2,1473.23,3952,12600.56,N
USG000482,U04,P_EV,2024-02-06,129817.6,919.06,531,9592.82,Y
USG000483,U05,P_EE,2024-02-06,172099.5,865.41,2426,4712.36,N
USG000484,U05,P_DR,2024-02-06,101658.0,533.72,4014,11481.59,N
USG000485,U05,P_SR,2024-02-06,24773.2,263.19,3323,1816.97,Y
USG000486,U05,P_EV,2024-02-06,144368.4,1573.11,1936,13911.48,N
USG000487,U01,P_EE,2024-02-07,81149.8,643.75,1796,7534.85,Y
USG000488,U01,P_DR,2024-02-07,123320.0,1286.27,1164,3864.61,Y
USG000489,U01,P_SR,2024-02-07,42921.3,357.84,1550,3455.35,Y
USG000490,U02,P_DR,2024-02-07,109071.3,1225.25,4578,2586.93,Y
USG000491,U02,P_SR,2024-02-07,225644.6,1290.27,1741,23207.73,Y
USG000492,U02,P_EV,2024-02-07,78777.2,414.56,1757,7676.42,Y
USG000493,U03,P_EE,2024-02-07,43529.8,322.59,1529,2265.12,N
USG000494,U03,P_DR,2024-02-07,199754.0,2353.11,4179,8761.21,Y
USG000495,U03,P_EV,2024-02-07,82773.3,825.98,2200,7940.76,Y
USG000496,U04,P_EE,2024-02-07,217829.5,1131.97,1884,14454.13,Y
USG000497,U04,P_DR,2024-02-07,61618.1,564.2,3499,4290.45,N
USG000498,U04,P_SR,2024-02-07,95389.4,943.3,2080,3134.83,N
USG000499,U04,P_EV,2024-02-07,163845.5,1311.57,3413,16087.13,Y
USG000500,U05,P_EE,2024-02-07,91363.8,747.42,2248,9133.97,Y
USG000501,U05,P_DR,2024-02-07,99585.8,633.83,2108,5820.58,Y
USG000502,U05,P_SR,2024-02-07,47560.7,251.19,4896,2750.54,Y
USG000503,U05,P_EV,2024-02-07,245187.3,1706.08,737,18000.87,N
USG000504,U01,P_DR,2024-02-08,91436.5,668.35,1701,9148.22,N
USG000505,U01,P_SR,2024-02-08,79843.6,580.43,1765,6697.19,Y
USG000506,U01,P_EV,2024-02-08,7915.4,60.74,727,785.33,Y
USG000507,U02,P_DR,2024-02-08,124520.5,1053.18,4278,7732.7,Y
USG000508,U03,P_EE,2024-02-08,190441.7,1174.98,1061,6207.76,Y
USG000509,U03,P_SR,2024-02-08,128456.9,1266.23,1330,6412.46,Y
USG000510,U03,P_EV,2024-02-08,224802.1,1154.12,3765,19012.77,N
USG000511,U04,P_EV,2024-02-08,218472.6,1236.39,4717,22315.94,N
USG000512,U01,P_EE,2024-02-09,80842.6,609.3,3862,2982.51,Y
USG000513,U01,P_DR,2024-02-09,154402.7,1670.56,2788,15494.17,Y
USG000514,U01,P_SR,2024-02-09,97662.5,517.88,1783,2630.62,Y
USG000515,U01,P_EV,2024-02-09,168470.6,985.04,1539,10328.14,Y
USG000516,U02,P_EE,2024-02-09,15199.0,174.43,3865,466.19,Y
USG000517,U02,P_DR,2024-02-09,143916.0,994.48,4061,2921.25,Y
USG000518,U02,P_SR,2024-02-09,98058.2,989.89,3655,3707.79,N
USG000519,U02,P_EV,2024-02-09,56113.0,594.06,1397,3521.39,Y
USG000520,U03,P_EE,2024-02-09,121075.9,1270.48,2938,3521.13,Y
USG000521,U03,P_DR,2024-02-09,181400.7,1047.76,3630,21045.11,Y
USG000522,U03,P_SR,2024-02-09,95696.5,710.9,2723,11212.5,Y
USG000523,U04,P_EE,2024-02-09,142836.6,746.15,4555,3992.17,N
USG000524,U04,P_DR,2024-02-09,59993.1,491.39,719,3100.03,Y
USG000525,U04,P_EV,2024-02-09,19427.2,119.64,3176,1042.16,Y
USG000526,U05,P_SR,2024-02-09,61545.7,368.81,733,2461.07,N
USG000527,U01,P_EE,2024-02-10,185525.1,1594.63,3752,12783.54,Y
USG000528,U01,P_DR,2024-02-10,199428.8,1790.1,574,22335.96,Y
USG000529,U01,P_SR,2024-02-10,234811.1,2335.58,2745,9405.51,Y
USG000530,U02,P_DR,2024-02-10,210603.4,1302.53,1719,6054.24,N
USG000531,U02,P_SR,2024-02-10,129921.7,1509.39,2390,14454.57,N
USG000532,U02,P_EV,2024-02-10,23874.8,130.65,3454,647.71,Y
USG000533,U03,P_EE,2024-02-10,151484.2,1143.11,4145,3984.54,Y
USG000534,U04,P_EE,2024-02-10,136930.7,1101.66,3786,11972.94,Y
USG000535,U04,P_DR,2024-02-10,200115.1,2195.89,474,4153.6,Y
USG000536,U05,P_EE,2024-02-10,150783.5,897.16,283,8448.02,N
USG000537,U05,P_DR,2024-02-10,44820.0,343.98,3341,4416.31,N
USG000538,U05,P_EV,2024-02-10,71060.7,560.19,1210,6210.19,N
USG000539,U01,P_EE,2024-02-11,224846.7,1246.67,4275,22914.84,Y
USG000540,U01,P_DR,2024-02-11,207460.1,1436.28,4626,22991.62,Y
USG000541,U01,P_SR,2024-02-11,37503.2,463.73,4808,1367.44,Y
USG000542,U02,P_EE,2024-02-11,124825.8,741.91,2565,12727.4,N
USG000543,U02,P_EV,2024-02-11,220326.5,1271.57,2303,25570.67,N
USG000544,U03,P_EE,2024-02-11,184207.3,2110.77,4374,5102.92,N
USG000545,U03,P_DR,2024-02-11,87852.5,949.55,3175,9967.95,Y
USG000546,U03,P_SR,2024-02-11,35776.4,244.5,4156,1108.34,Y
USG000547,U03,P_EV,2024-02-11,131183.0,917.54,1140,10442.65,Y
USG000548,U04,P_EE,2024-02-11,227307.1,1266.52,1920,20631.64,Y
USG000549,U04,P_DR,2024-02-11,162611.1,1064.51,2913,13927.21,Y
USG000550,U05,P_SR,2024-02-11,210988.0,2481.94,1991,6323.35,Y
USG000551,U05,P_EV,2024-02-11,224924.8,2015.47,888,14496.09,Y
USG000552,U01,P_EE,2024-02-12,180571.5,1320.77,2927,17467.85,Y
USG000553,U01,P_DR,2024-02-12,152635.5,930.43,1166,5292.32,Y
USG000554,U01,P_EV,2024-02-12,33353.8,394.82,3408,3497.42,Y
USG000555,U02,P_EE,2024-02-12,23197.9,138.24,532,564.89,Y
USG000556,U02,P_DR,2024-02-12,189103.7,2206.63,4841,22516.92,N
USG000557,U02,P_SR,2024-02-12,53843.9,456.09,3614,3056.15,Y
USG000558,U02,P_EV,2024-02-12,97801.7,589.65,3368,6476.95,Y
USG000559,U03,P_DR,2024-02-12,206395.5,1244.07,1330,4204.96,N
USG000560,U03,P_SR,2024-02-12,209670.7,2173.6,3455,21390.57,Y
USG000561,U03,P_EV,2024-02-12,10072.5,54.71,1471,938.52,Y
USG000562,U04,P_EE,2024-02-12,88113.0,994.91,492,9247.24,Y
USG000563,U04,P_DR,2024-02-12,153522.4,867.51,3831,10126.45,Y
USG000564,U04,P_SR,2024-02-12,152466.9,1518.69,3047,8589.18,Y
USG000565,U04,P_EV,2024-02-12,84305.4,606.62,4021,6688.96,Y
USG000566,U05,P_EE,2024-02-12,247758.1,1828.81,3300,22510.35,Y
USG000567,U05,P_DR,2024-02-12,19846.2,133.75,2641,942.15,Y
USG000568,U05,P_SR,2024-02-12,187331.8,1106.59,801,14949.0,N
USG000569,U05,P_EV,2024-02-12,16202.7,104.8,1652,1258.15,Y
USG000570,U01,P_EV,2024-02-13,76426.2,551.37,4342,6201.57,Y
USG000571,U02,P_EV,2024-02-13,193655.4,1180.14,4923,6455.35,Y
USG000572,U03,P_EE,2024-02-13,18538.2,193.81,841,1927.82,Y
USG000573,U03,P_DR,2024-02-13,31588.3,238.23,3847,1056.47,Y
USG000574,U03,P_SR,2024-02-13,70849.8,358.34,3202,7241.06,Y
USG000575,U04,P_SR,2024-02-13,83355.0,521.76,4654,9926.28,Y
USG000576,U04,P_EV,2024-02-13,92624.7,609.22,669,6319.63,Y
USG000577,U05,P_DR,2024-02-13,148272.2,828.24,1125,3865.87,N
USG000578,U05,P_SR,2024-02-13,126361.7,944.09,2251,3021.37,Y
USG000579,U05,P_EV,2024-02-13,171126.0,1820.83,1494,15429.0,Y
USG000580,U01,P_EE,2024-02-14,211051.2,2218.85,4272,15318.41,Y
USG000581,U01,P_DR,2024-02-14,173597.3,1506.98,751,16859.98,Y
USG000582,U01,P_EV,2024-02-14,29558.6,325.05,4875,2032.6,N
USG000583,U02,P_SR,2024-02-14,157391.1,808.52,2475,7423.68,Y
USG000584,U03,P_SR,2024-02-14,107885.5,868.89,2620,5463.89,Y
USG000585,U03,P_EV,2024-02-14,30192.6,361.36,4266,755.74,Y
USG000586,U04,P_DR,2024-02-14,209098.8,1250.14,2053,10359.38,N
USG000587,U04,P_SR,2024-02-14,231235.6,1595.5,470,23585.88,Y
USG000588,U05,P_SR,2024-02-14,91641.2,1019.69,2967,2257.42,N
USG000589,U01,P_EE,2024-02-15,60237.8,489.29,2494,1542.85,N
USG000590,U01,P_SR,2024-02-15,112853.5,1188.29,4770,6695.02,Y
USG000591,U02,P_EE,2024-02-15,136464.8,823.19,1213,12206.76,Y
USG000592,U02,P_DR,2024-02-15,35594.5,195.56,1880,2681.19,Y
USG000593,U02,P_SR,2024-02-15,89258.5,487.06,4382,2861.96,N
USG000594,U02,P_EV,2024-02-15,100485.9,507.18,1443,2640.15,N
USG000595,U03,P_EE,2024-02-15,56108.6,696.94,1085,3763.94,Y
USG000596,U03,P_DR,2024-02-15,153502.9,1119.08,988,17758.79,Y
USG000597,U04,P_EE,2024-02-15,162657.8,923.63,4943,5484.69,Y
USG000598,U04,P_DR,2024-02-15,102953.7,722.06,1357,9077.18,N
USG000599,U04,P_SR,2024-02-15,50846.9,365.42,1819,2629.13,Y
USG000600,U05,P_EE,2024-02-15,120988.2,609.92,2421,5731.16,Y
USG000601,U05,P_DR,2024-02-15,221221.7,1159.19,2275,11118.42,Y
USG000602,U05,P_SR,2024-02-15,222622.7,1500.05,1244,16810.05,Y
USG000603,U05,P_EV,2024-02-15,248166.0,1453.75,3981,25259.72,Y
USG000604,U01,P_EE,2024-02-16,117060.4,880.62,500,13426.88,Y
USG000605,U01,P_DR,2024-02-16,104944.4,1077.22,3806,9662.25,Y
USG000606,U02,P_EE,2024-02-16,38626.2,215.45,651,4121.07,Y
USG000607,U02,P_DR,2024-02-16,229511.1,1492.21,4727,19107.11,Y
USG000608,U03,P_DR,2024-02-16,38269.9,435.0,1349,943.52,Y
USG000609,U03,P_SR,2024-02-16,233035.6,2223.86,1727,9601.87,N
USG000610,U04,P_EE,2024-02-16,218445.4,2218.77,175,12035.72,Y
USG000611,U04,P_SR,2024-02-16,228392.3,1346.23,2343,21194.49,Y
USG000612,U05,P_DR,2024-02-16,203546.2,1931.55,4556,11107.62,Y
USG000613,U05,P_EV,2024-02-16,81079.0,866.22,375,6342.16,Y
USG000614,U01,P_SR,2024-02-17,39785.7,233.23,2286,1548.19,Y
USG000615,U01,P_EV,2024-02-17,209478.9,1059.91,4995,16352.88,Y
USG000616,U02,P_EE,2024-02-17,147628.2,1242.01,3156,11869.56,Y
USG000617,U02,P_SR,2024-02-17,216685.2,1301.85,1893,18743.8,Y
USG000618,U02,P_EV,2024-02-17,111356.0,613.26,4531,5513.93,Y
USG000619,U03,P_EE,2024-02-17,141634.8,967.97,1983,6981.08,N
USG000620,U03,P_EV,2024-02-17,10174.0,79.75,3769,682.88,Y
USG000621,U04,P_EE,2024-02-17,172169.2,961.12,111,6773.08,Y
USG000622,U04,P_SR,2024-02-17,148365.0,915.07,3985,9957.59,Y
USG000623,U05,P_EE,2024-02-17,173697.9,1641.12,872,13643.13,Y
USG000624,U05,P_DR,2024-02-17,139469.2,810.01,2412,7089.04,N
USG000625,U05,P_SR,2024-02-17,223393.0,1531.16,2966,25779.61,N
USG000626,U05,P_EV,2024-02-17,87960.1,890.17,3643,2524.12,Y
USG000627,U01,P_DR,2024-02-18,213757.4,1987.02,3623,25496.11,N
USG000628,U01,P_SR,2024-02-18,160380.6,1099.98,4637,7517.14,Y
USG000629,U01,P_EV,2024-02-18,242628.1,1761.75,1412,14354.94,Y
USG000630,U02,P_EV,2024-02-18,49580.8,335.06,1867,5933.74,Y
USG000631,U03,P_EE,2024-02-18,115774.5,793.68,1687,12833.56,N
USG000632,U03,P_SR,2024-02-18,243098.0,1331.07,3075,15585.41,Y
USG000633,U03,P_EV,2024-02-18,245822.7,1380.17,79,24393.32,N
USG000634,U04,P_DR,2024-02-18,151733.7,1348.16,4534,10845.73,Y
USG000635,U04,P_SR,2024-02-18,63270.4,521.47,4094,2273.98,Y
USG000636,U05,P_DR,2024-02-18,222626.3,1637.65,3928,18596.06,Y
USG000637,U05,P_EV,2024-02-18,138869.5,1155.32,2135,8810.25,N
USG000638,U01,P_EE,2024-02-19,248281.5,1623.62,2216,14467.26,N
USG000639,U01,P_DR,2024-02-19,108566.0,1115.69,4538,6891.73,Y
USG000640,U01,P_SR,2024-02-19,186993.1,2053.01,1060,4029.94,Y
USG000641,U01,P_EV,2024-02-19,227425.3,1158.44,1491,25622.54,Y
USG000642,U02,P_EE,2024-02-19,9855.6,98.71,154,871.69,N
USG000643,U02,P_SR,2024-02-19,242321.7,1535.82,2017,19162.12,Y
USG000644,U02,P_EV,2024-02-19,63791.9,511.65,3979,5874.48,N
USG000645,U03,P_EE,2024-02-19,123306.5,1185.32,4077,11748.67,N
USG000646,U03,P_SR,2024-02-19,27430.3,251.74,1585,1456.13,N
USG000647,U03,P_EV,2024-02-19,60700.4,373.19,4850,2810.95,Y
USG000648,U04,P_DR,2024-02-19,116525.7,825.5,1505,5258.13,Y
USG000649,U04,P_SR,2024-02-19,31875.8,373.98,291,1262.14,Y
USG000650,U04,P_EV,2024-02-19,149290.9,1250.99,3836,13128.86,Y
USG000651,U05,P_EE,2024-02-19,136858.2,832.84,3572,13489.1,Y
USG000652,U05,P_SR,2024-02-19,215366.6,2395.83,1875,8282.38,Y
USG000653,U01,P_EE,2024-02-20,111154.6,624.91,3757,5097.38,Y
USG000654,U01,P_DR,2024-02-20,102844.4,1083.57,2721,9130.63,Y
USG000655,U01,P_EV,2024-02-20,212125.1,1996.04,2950,4384.54,N
USG000656,U02,P_DR,2024-02-20,117262.7,781.89,3354,2551.5,Y
USG000657,U02,P_SR,2024-02-20,110538.9,682.1,3532,7961.74,Y
USG000658,U02,P_EV,2024-02-20,30725.2,220.97,2122,2935.78,N
USG000659,U03,P_EE,2024-02-20,122585.5,726.81,1327,9478.37,Y
USG000660,U03,P_DR,2024-02-20,212177.8,1248.32,1168,23496.46,Y
USG000661,U03,P_SR,2024-02-20,8101.7,48.2,1449,198.9,N
USG000662,U04,P_DR,2024-02-20,192969.6,1785.21,4213,4196.37,Y
USG000663,U04,P_SR,2024-02-20,50302.9,570.59,1589,2452.04,N
USG000664,U04,P_EV,2024-02-20,160838.7,1089.13,3970,9827.45,Y
USG000665,U05,P_EE,2024-02-20,246552.6,1374.79,4574,17944.68,Y
USG000666,U05,P_EV,2024-02-20,41954.1,316.93,2943,2640.05,Y
USG000667,U01,P_DR,2024-02-21,6658.1,68.93,3878,342.06,N
USG000668,U01,P_EV,2024-02-21,225339.0,2729.7,4583,22737.91,N
USG000669,U02,P_EE,2024-02-21,114436.6,723.49,2621,4671.98,Y
USG000670,U02,P_DR,2024-02-21,141439.5,993.47,3033,6804.92,Y
USG000671,U02,P_SR,2024-02-21,136976.2,785.82,665,15106.51,Y
USG000672,U02,P_EV,2024-02-21,73475.7,892.73,1318,1972.15,Y
USG000673,U03,P_DR,2024-02-21,133195.1,862.99,1509,14670.98,Y
USG000674,U03,P_SR,2024-02-21,60165.6,501.49,2419,5196.71,Y
USG000675,U03,P_EV,2024-02-21,192909.7,973.88,4979,15167.03,N
USG000676,U04,P_EE,2024-02-21,97981.0,1110.29,4724,10518.08,Y
USG000677,U04,P_DR,2024-02-21,188525.9,2150.51,3065,16574.39,Y
USG000678,U04,P_SR,2024-02-21,88946.0,827.19,4293,7366.54,Y
USG000679,U05,P_EE,2024-02-21,119219.2,975.33,4807,7374.41,Y
USG000680,U05,P_SR,2024-02-21,161783.7,1202.47,3348,16514.76,Y
USG000681,U05,P_EV,2024-02-21,166317.4,1454.55,2900,15700.77,Y
USG000682,U01,P_DR,2024-02-22,103462.1,1140.84,947,3678.39,N
USG000683,U01,P_SR,2024-02-22,65292.4,561.2,2040,2354.57,N
USG000684,U01,P_EV,2024-02-22,76106.6,436.83,2210,6942.15,N
USG000685,U02,P_EE,2024-02-22,55693.1,601.9,4111,5797.39,N
USG000686,U02,P_DR,2024-02-22,106212.1,702.7,616,2419.2,Y
USG000687,U02,P_SR,2024-02-22,93075.0,474.17,4050,2554.19,N
USG000688,U03,P_EE,2024-02-22,17826.2,198.74,2665,775.63,Y
USG000689,U03,P_DR,2024-02-22,239189.2,1786.53,2276,17407.09,Y
USG000690,U04,P_EE,2024-02-22,169155.8,877.05,703,17320.1,N
USG000691,U04,P_DR,2024-02-22,179827.2,991.08,461,14878.21,N
USG000692,U05,P_EV,2024-02-22,190678.6,1923.35,821,21392.67,N
USG000693,U01,P_SR,2024-02-23,77795.5,446.6,4197,6911.6,Y
USG000694,U01,P_EV,2024-02-23,11787.5,66.04,3240,462.14,Y
USG000695,U02,P_EE,2024-02-23,134401.3,727.5,658,8810.41,Y
USG000696,U02,P_DR,2024-02-23,138374.5,823.96,4976,4819.56,Y
USG000697,U02,P_EV,2024-02-23,113572.8,703.5,394,2358.97,Y
USG000698,U03,P_EE,2024-02-23,100663.0,847.94,2016,9879.66,Y
USG000699,U03,P_SR,2024-02-23,94602.5,576.19,3211,10990.87,Y
USG000700,U03,P_EV,2024-02-23,235542.0,1627.46,907,18325.94,N
USG000701,U04,P_DR,2024-02-23,115105.9,714.64,4060,7936.29,Y
USG000702,U04,P_SR,2024-02-23,18490.3,169.49,1410,2173.08,Y
USG000703,U04,P_EV,2024-02-23,193853.2,988.03,3225,11255.12,N
USG000704,U05,P_DR,2024-02-23,71513.3,487.12,1278,7588.37,N
USG000705,U05,P_EV,2024-02-23,232766.1,1513.0,4066,11351.86,Y
USG000706,U01,P_EE,2024-02-24,48858.6,471.26,4139,3497.0,Y
USG000707,U01,P_DR,2024-02-24,178986.7,1411.46,1526,12055.24,Y
USG000708,U01,P_EV,2024-02-24,117695.7,1178.15,2236,8165.75,Y
USG000709,U02,P_DR,2024-02-24,19647.2,186.43,3517,2215.41,Y
USG000710,U02,P_SR,2024-02-24,164025.2,1206.96,2574,18981.26,Y
USG000711,U02,P_EV,2024-02-24,188247.6,1238.07,1008,7220.03,Y
USG000712,U03,P_DR,2024-02-24,157351.9,1006.12,664,18691.76,Y
USG000713,U03,P_SR,2024-02-24,98527.0,1039.78,1933,4511.73,N
USG000714,U03,P_EV,2024-02-24,55683.0,327.36,130,5751.95,Y
USG000715,U04,P_EE,2024-02-24,211145.8,1251.57,3124,19720.65,N
USG000716,U04,P_EV,2024-02-24,242737.1,1284.09,4687,24645.75,N
USG000717,U05,P_EE,2024-02-24,244279.7,1803.89,3704,9265.59,Y
USG000718,U05,P_DR,2024-02-24,235529.7,2091.94,4107,25397.21,Y
USG000719,U05,P_SR,2024-02-24,77873.5,574.64,4622,8899.85,Y
USG000720,U01,P_EE,2024-02-25,112413.1,1061.08,2300,13165.74,Y
USG000721,U01,P_DR,2024-02-25,83547.9,964.4,1200,8239.97,Y
USG000722,U01,P_SR,2024-02-25,239423.6,2888.71,3960,24513.55,Y
USG000723,U01,P_EV,2024-02-25,92998.7,702.75,1802,2125.8,Y
USG000724,U02,P_EE,2024-02-25,112521.6,1244.74,1102,4761.03,Y
USG000725,U02,P_DR,2024-02-25,69403.4,504.59,2312,2725.62,N
USG000726,U02,P_EV,2024-02-25,54998.0,363.44,3134,5496.53,Y
USG000727,U03,P_EE,2024-02-25,92890.8,829.5,1180,3050.25,Y
USG000728,U03,P_DR,2024-02-25,169967.0,875.44,4398,17106.93,N
USG000729,U04,P_SR,2024-02-25,78029.7,963.43,2563,4527.46,Y
USG000730,U04,P_EV,2024-02-25,242264.4,2702.25,3927,6231.07,Y
USG000731,U05,P_DR,2024-02-25,87895.4,544.77,696,7286.16,Y
USG000732,U05,P_SR,2024-02-25,46545.9,299.13,4397,2592.23,Y
USG000733,U05,P_EV,2024-02-25,129219.7,743.09,3954,9901.71,Y
USG000734,U01,P_EE,2024-02-26,148543.1,1168.69,3322,7263.06,Y
USG000735,U01,P_DR,2024-02-26,33494.8,377.98,3930,3760.96,Y
USG000736,U01,P_EV,2024-02-26,57977.4,592.78,1200,4398.18,Y
USG000737,U02,P_DR,2024-02-26,187193.6,2074.8,2940,4832.48,N
USG000738,U02,P_EV,2024-02-26,8569.0,60.47,621,442.11,N
USG000739,U03,P_EE,2024-02-26,136811.3,1296.28,4828,13356.02,N
USG000740,U03,P_DR,2024-02-26,17829.3,98.52,3727,613.1,N
USG000741,U03,P_EV,2024-02-26,28275.4,149.23,1861,2534.7,Y
USG000742,U04,P_EE,2024-02-26,49521.2,322.88,4009,1873.15,Y
USG000743,U04,P_DR,2024-02-26,40036.1,376.64,4999,1569.38,Y
USG000744,U04,P_SR,2024-02-26,37505.0,322.8,1791,3713.23,Y
USG000745,U04,P_EV,2024-02-26,62267.9,573.28,743,2827.84,Y
USG000746,U05,P_EE,2024-02-26,26147.6,141.19,2337,905.59,Y
USG000747,U05,P_DR,2024-02-26,109661.5,1078.54,600,11374.45,N
USG000748,U05,P_EV,2024-02-26,123009.3,1141.08,3882,13356.69,N
USG000749,U01,P_EE,2024-02-27,116388.8,613.21,2838,11381.01,Y
USG000750,U01,P_EV,2024-02-27,204344.1,1556.6,2442,18760.31,Y
USG000751,U02,P_EE,2024-02-27,200167.4,2355.4,4344,22194.59,Y
USG000752,U02,P_DR,2024-02-27,186499.6,1145.06,4920,18862.37,N
USG000753,U02,P_SR,2024-02-27,235609.0,2030.96,1607,6176.67,Y
USG000754,U03,P_EE,2024-02-27,126536.4,1069.21,1500,10365.33,N
USG000755,U03,P_DR,2024-02-27,181647.5,1494.16,3248,21316.68,Y
USG000756,U03,P_SR,2024-02-27,113604.5,633.32,1373,8013.71,Y
USG000757,U03,P_EV,2024-02-27,218658.6,1654.5,3920,21980.1,Y
USG000758,U04,P_EE,2024-02-27,14118.5,112.71,4900,1587.04,Y
USG000759,U04,P_DR,2024-02-27,225050.6,2260.94,1859,17709.0,Y
USG000760,U05,P_SR,2024-02-27,128390.1,1100.54,1304,12727.96,Y
USG000761,U05,P_EV,2024-02-27,79796.6,706.11,4291,7385.24,Y
USG000762,U01,P_DR,2024-02-28,75023.7,464.41,2693,4274.72,Y
USG000763,U01,P_EV,2024-02-28,204610.5,2158.08,4257,4780.0,Y
USG000764,U02,P_EE,2024-02-28,135988.3,767.03,243,12892.19,Y
USG000765,U02,P_SR,2024-02-28,129364.2,918.0,1271,9638.92,N
USG000766,U03,P_SR,2024-02-28,151708.1,1693.73,2676,14026.75,Y
USG000767,U03,P_EV,2024-02-28,20065.8,196.98,2780,1554.26,Y
USG000768,U04,P_SR,2024-02-28,152951.8,766.33,4265,12478.41,Y
USG000769,U05,P_EE,2024-02-28,214052.0,1181.91,1322,24737.13,Y
USG000770,U05,P_EV,2024-02-28,239789.7,2931.55,2962,20296.39,N
USG000771,U01,P_EE,2024-02-29,35957.0,320.41,4311,2420.39,Y
USG000772,U01,P_DR,2024-02-29,180493.0,1918.31,3355,5930.63,Y
USG000773,U01,P_EV,2024-02-29,133683.4,1000.36,3326,7155.05,Y
USG000774,U02,P_EE,2024-02-29,63730.5,365.23,392,2624.76,Y
USG000775,U02,P_SR,2024-02-29,162035.5,1052.63,1859,10880.14,Y
USG000776,U02,P_EV,2024-02-29,114480.5,1038.36,3769,4697.1,Y
USG000777,U03,P_EV,2024-02-29,14914.6,137.36,2209,1311.58,Y
USG000778,U04,P_EE,2024-02-29,222500.5,2319.1,1588,4610.88,N
USG000779,U04,P_DR,2024-02-29,209464.3,1143.42,192,5374.44,Y
USG000780,U05,P_DR,2024-02-29,8440.5,56.87,3418,437.75,Y
USG000781,U05,P_SR,2024-02-29,87232.0,751.48,2638,3668.13,Y
USG000782,U01,P_SR,2024-03-01,21448.0,109.71,4807,1792.18,Y
USG000783,U01,P_EV,2024-03-01,104011.6,1116.08,2330,11054.16,Y
USG000784,U02,P_EV,2024-03-01,166101.7,840.68,2501,14317.76,Y
USG000785,U03,P_EE,2024-03-01,171938.8,1459.55,4469,12007.78,Y
USG000786,U03,P_DR,2024-03-01,230048.4,1276.57,3281,18696.54,Y
USG000787,U04,P_SR,2024-03-01,5528.0,28.17,3976,183.62,Y
USG000788,U04,P_EV,2024-03-01,217841.7,1163.76,3381,13662.48,Y
USG000789,U05,P_EE,2024-03-01,207224.7,1719.51,3385,13263.91,Y
USG000790,U05,P_DR,2024-03-01,134988.6,769.29,2196,10055.52,Y
USG000791,U05,P_SR,2024-03-01,148747.1,1436.79,4008,16100.31,Y
USG000792,U05,P_EV,2024-03-01,114146.2,593.91,4784,6703.48,Y
USG000793,U01,P_EE,2024-03-02,94746.5,884.0,608,11257.27,Y
USG000794,U01,P_DR,2024-03-02,58301.0,706.55,2490,5718.22,Y
USG000795,U01,P_SR,2024-03-02,239314.3,1365.42,1036,22082.34,N
USG000796,U01,P_EV,2024-03-02,238446.5,1530.57,4126,9401.21,N
USG000797,U02,P_DR,2024-03-02,176211.0,1174.0,4751,19565.24,Y
USG000798,U02,P_SR,2024-03-02,185603.2,2041.7,3388,4847.48,Y
USG000799,U02,P_EV,2024-03-02,39989.9,437.37,720,985.69,Y
USG000800,U03,P_DR,2024-03-02,160409.2,1218.97,1340,10317.07,Y
USG000801,U03,P_SR,2024-03-02,154952.4,1111.61,4197,6930.24,Y
USG000802,U03,P_EV,2024-03-02,18591.6,172.53,2632,1875.08,Y
USG000803,U04,P_EE,2024-03-02,77522.2,452.98,834,3713.6,Y
USG000804,U04,P_DR,2024-03-02,89152.4,532.16,2957,8225.16,Y
USG000805,U05,P_EE,2024-03-02,188241.6,1193.62,3234,13915.75,Y
USG000806,U05,P_DR,2024-03-02,140488.8,708.69,885,4223.69,N
USG000807,U05,P_SR,2024-03-02,149473.0,808.11,2249,12198.61,Y
USG000808,U05,P_EV,2024-03-02,235914.3,1503.61,2855,25692.62,Y
USG000809,U01,P_DR,2024-03-03,235179.4,1909.0,2164,26130.7,Y
USG000810,U01,P_EV,2024-03-03,45395.3,458.63,3881,3861.13,Y
USG000811,U02,P_EE,2024-03-03,41095.7,222.47,1995,3823.17,Y
USG000812,U02,P_SR,2024-03-03,246222.4,1969.12,2331,18654.59,Y
USG000813,U02,P_EV,2024-03-03,157714.6,1244.05,2301,16414.2,Y
USG000814,U03,P_EE,2024-03-03,85556.8,615.01,4203,5965.06,Y
USG000815,U03,P_DR,2024-03-03,55577.7,393.47,193,5545.95,Y
USG000816,U03,P_SR,2024-03-03,116797.0,1371.79,3943,3243.49,Y
USG000817,U04,P_SR,2024-03-03,191065.5,1306.31,79,20614.67,Y
USG000818,U04,P_EV,2024-03-03,115640.5,908.54,4307,12078.22,Y
USG000819,U05,P_DR,2024-03-03,86063.2,1023.94,4933,8492.38,Y
USG000820,U05,P_SR,2024-03-03,145394.8,758.99,4734,3452.96,Y
USG000821,U05,P_EV,2024-03-03,218405.2,1323.02,4002,14768.41,N
USG000822,U01,P_EE,2024-03-04,59950.7,365.16,104,3846.59,Y
USG000823,U01,P_DR,2024-03-04,212758.0,2610.86,2670,17871.81,Y
USG000824,U01,P_EV,2024-03-04,199992.1,1265.99,983,19920.85,N
USG000825,U02,P_EE,2024-03-04,188568.5,1446.02,676,20225.34,N
USG000826,U02,P_DR,2024-03-04,205484.0,1442.67,607,21647.43,Y
USG000827,U03,P_EE,2024-03-04,204874.4,1994.0,2930,7465.1,Y
USG000828,U03,P_DR,2024-03-04,96711.3,496.83,3969,10714.85,Y
USG000829,U03,P_SR,2024-03-04,163033.0,1978.77,3548,14686.94,N
USG000830,U03,P_EV,2024-03-04,113736.8,878.62,1959,12799.72,Y
USG000831,U04,P_DR,2024-03-04,13442.8,72.02,206,659.42,Y
USG000832,U04,P_EV,2024-03-04,106387.3,1211.36,3963,7379.66,Y
USG000833,U05,P_EV,2024-03-04,10705.4,129.47,3144,335.4,Y
USG000834,U01,P_EE,2024-03-05,63742.4,377.06,2976,3876.36,N
USG000835,U01,P_DR,2024-03-05,22207.5,162.85,3518,1933.33,Y
USG000836,U01,P_SR,2024-03-05,174212.1,1358.2,4306,11741.23,Y
USG000837,U01,P_EV,2024-03-05,52342.9,542.14,2274,2092.73,N
USG000838,U02,P_EE,2024-03-05,121961.7,906.38,3071,4388.5,N
USG000839,U02,P_DR,2024-03-05,238358.6,1700.45,1509,25266.15,Y
USG000840,U02,P_SR,2024-03-05,171652.2,992.69,1740,16933.26,Y
USG000841,U03,P_EE,2024-03-05,125146.3,933.98,1975,13252.74,Y
USG000842,U03,P_SR,2024-03-05,25548.1,199.59,3743,2480.94,N
USG000843,U03,P_EV,2024-03-05,135508.3,1356.42,1515,12380.72,N
USG000844,U04,P_EE,2024-03-05,232069.9,1651.81,2104,18397.56,Y
USG000845,U04,P_SR,2024-03-05,210237.6,2209.37,4434,24482.43,Y
USG000846,U04,P_EV,2024-03-05,32719.6,195.17,1662,2961.39,N
USG000847,U05,P_EE,2024-03-05,69874.3,380.6,4525,4932.11,Y
USG000848,U05,P_SR,2024-03-05,139513.5,1457.55,4890,9251.11,N
USG000849,U01,P_EE,2024-03-06,158903.6,1012.95,1898,8632.8,N
USG000850,U01,P_DR,2024-03-06,228078.5,1249.28,3276,18489.77,Y
USG000851,U01,P_SR,2024-03-06,23543.0,197.22,2613,1775.21,Y
USG000852,U01,P_EV,2024-03-06,107333.7,568.38,1511,10436.58,N
USG000853,U02,P_EE,2024-03-06,187469.7,1435.73,4184,13766.4,N
USG000854,U02,P_DR,2024-03-06,223167.4,1621.45,3222,6021.19,Y
USG000855,U02,P_EV,2024-03-06,73444.9,465.55,1418,5518.46,Y
USG000856,U03,P_DR,2024-03-06,191713.7,1537.65,367,16228.67,Y
USG000857,U03,P_SR,2024-03-06,109847.7,694.5,1743,2295.28,Y
USG000858,U03,P_EV,2024-03-06,20962.0,110.4,1884,1883.48,N
USG000859,U04,P_SR,2024-03-06,136440.7,944.9,4239,5153.62,N
USG000860,U04,P_EV,2024-03-06,181603.1,1102.55,4174,12170.79,Y
USG000861,U05,P_SR,2024-03-06,171812.4,1588.43,2419,12857.51,N
USG000862,U05,P_EV,2024-03-06,55159.6,451.74,4573,3101.19,Y
USG000863,U01,P_EE,2024-03-07,206377.3,1283.35,2261,16067.75,Y
USG000864,U01,P_DR,2024-03-07,78740.9,475.98,4727,2092.16,Y
USG000865,U01,P_EV,2024-03-07,112545.1,622.88,290,11755.56,N
USG000866,U02,P_EE,2024-03-07,95564.0,1129.65,2176,3627.91,N
USG000867,U02,P_EV,2024-03-07,17219.1,141.15,1021,1337.64,Y
USG000868,U03,P_EE,2024-03-07,116011.3,1099.03,1015,6760.01,N
USG000869,U03,P_DR,2024-03-07,47560.4,298.43,4846,2390.33,Y
USG000870,U03,P_SR,2024-03-07,36978.4,280.69,1137,4319.43,N
USG000871,U03,P_EV,2024-03-07,235163.5,2512.47,3808,5383.95,Y
USG000872,U04,P_EE,2024-03-07,236348.5,1696.27,3162,6313.55,N
USG000873,U04,P_DR,2024-03-07,54013.0,644.82,2315,5184.58,N
USG000874,U04,P_EV,2024-03-07,182736.5,1483.02,3708,19084.36,Y
USG000875,U05,P_DR,2024-03-07,70919.3,367.86,4189,7919.56,N
USG000876,U05,P_SR,2024-03-07,111280.0,650.47,2326,5904.74,N
USG000877,U01,P_DR,2024-03-08,128522.6,748.11,2189,6726.49,N
USG000878,U01,P_SR,2024-03-08,6685.8,42.8,358,451.46,N
USG000879,U01,P_EV,2024-03-08,98792.3,496.76,2607,5461.09,Y
USG000880,U02,P_DR,2024-03-08,238540.9,2701.43,2915,8659.35,Y
USG000881,U02,P_SR,2024-03-08,185066.2,1598.53,2579,13979.76,N
USG000882,U02,P_EV,2024-03-08,145716.1,1382.53,4665,6993.35,Y
USG000883,U03,P_EE,2024-03-08,72323.2,424.43,1555,2418.85,Y
USG000884,U03,P_DR,2024-03-08,21008.3,255.35,4978,2330.3,Y
USG000885,U03,P_SR,2024-03-08,128976.1,1001.36,4691,12470.93,N
USG000886,U03,P_EV,2024-03-08,187792.6,1381.95,2824,18198.89,Y
USG000887,U04,P_DR,2024-03-08,164723.9,1024.36,1332,11870.95,N
USG000888,U04,P_EV,2024-03-08,34467.8,284.77,1808,1584.55,Y
USG000889,U05,P_EE,2024-03-08,235836.1,1598.72,4428,23394.87,N
USG000890,U05,P_DR,2024-03-08,71187.5,533.7,2208,6847.81,Y
USG000891,U05,P_SR,2024-03-08,11684.4,73.17,827,926.25,Y
USG000892,U01,P_DR,2024-03-09,76463.5,458.29,2541,5204.52,Y
USG000893,U01,P_EV,2024-03-09,50149.1,463.6,3001,3574.97,Y
USG000894,U02,P_DR,2024-03-09,163936.1,903.01,2148,12294.96,Y
USG000895,U02,P_SR,2024-03-09,219140.1,1592.42,4367,13329.24,N
USG000896,U02,P_EV,2024-03-09,136427.9,773.45,3536,9799.12,Y
USG000897,U03,P_DR,2024-03-09,7125.4,42.8,927,682.88,Y
USG000898,U03,P_SR,2024-03-09,31333.5,169.05,1257,2393.3,N
USG000899,U04,P_EE,2024-03-09,51209.0,279.8,4439,3513.29,N
USG000900,U04,P_DR,2024-03-09,187085.8,1261.34,560,17176.07,Y
USG000901,U04,P_SR,2024-03-09,136352.5,1314.27,1011,13137.58,Y
USG000902,U04,P_EV,2024-03-09,172311.9,969.38,3133,18200.62,Y
USG000903,U05,P_EE,2024-03-09,42354.6,268.02,2912,2987.08,Y
USG000904,U05,P_DR,2024-03-09,208086.0,1162.09,1509,13460.79,Y
USG000905,U05,P_SR,2024-03-09,35106.1,185.24,2851,2658.05,Y
USG000906,U01,P_DR,2024-03-10,195114.6,1658.9,1424,13048.46,N
USG000907,U01,P_SR,2024-03-10,54469.9,567.34,4998,3172.51,N
USG000908,U01,P_EV,2024-03-10,190841.3,1086.2,4287,12038.02,Y
USG000909,U02,P_EE,2024-03-10,70247.3,377.72,4981,2912.25,Y
USG000910,U02,P_DR,2024-03-10,246239.8,2841.88,399,24894.05,N
USG000911,U02,P_EV,2024-03-10,92743.7,847.08,3043,5155.36,Y
USG000912,U03,P_EE,2024-03-10,217711.9,1542.08,873,9863.6,N
USG000913,U03,P_SR,2024-03-10,73228.0,565.91,2112,2951.57,Y
USG000914,U03,P_EV,2024-03-10,115687.1,651.55,4425,8123.9,N
USG000915,U04,P_EE,2024-03-10,164965.6,1312.78,4102,4812.73,Y
USG000916,U04,P_DR,2024-03-10,188462.9,2209.8,1120,20085.94,N
USG000917,U04,P_SR,2024-03-10,129176.6,1228.89,308,12532.4,N
USG000918,U05,P_DR,2024-03-10,148569.4,785.6,884,15373.14,Y
USG000919,U05,P_EV,2024-03-10,209222.0,1404.17,4795,16183.67,Y
USG000920,U01,P_EE,2024-03-11,224329.6,1296.77,286,20590.23,Y
USG000921,U01,P_DR,2024-03-11,228923.4,2305.23,1237,8127.39,Y
USG000922,U01,P_SR,2024-03-11,232978.8,1224.06,1894,16350.12,Y
USG000923,U01,P_EV,2024-03-11,140206.0,1030.36,4811,6551.71,Y
USG000924,U02,P_EE,2024-03-11,208320.5,1816.65,1593,5112.5,Y
USG000925,U02,P_DR,2024-03-11,217974.1,1694.81,2749,22746.11,Y
USG000926,U02,P_SR,2024-03-11,227625.8,1171.65,1995,7213.37,N
USG000927,U03,P_EE,2024-03-11,92496.6,1096.01,2137,2952.23,Y
USG000928,U03,P_SR,2024-03-11,111957.4,1306.45,2358,10496.5,Y
USG000929,U03,P_EV,2024-03-11,194007.4,1009.1,1407,8579.82,Y
USG000930,U04,P_EE,2024-03-11,186706.1,1005.05,4319,3837.2,Y
USG000931,U04,P_DR,2024-03-11,175915.6,1013.83,1007,20037.26,Y
USG000932,U04,P_SR,2024-03-11,247501.2,2241.39,1592,8883.9,Y
USG000933,U04,P_EV,2024-03-11,129233.2,775.08,2776,9373.0,Y
USG000934,U05,P_EE,2024-03-11,238014.1,1786.71,4936,12321.17,Y
USG000935,U05,P_DR,2024-03-11,212684.3,2088.98,1608,15435.88,N
USG000936,U05,P_SR,2024-03-11,216451.9,1255.9,4728,6083.62,Y
USG000937,U01,P_SR,2024-03-12,94794.3,731.65,614,3316.06,Y
USG000938,U01,P_EV,2024-03-12,140883.8,1305.21,3730,11717.22,Y
USG000939,U02,P_EE,2024-03-12,48408.0,285.87,2058,4009.48,Y
USG000940,U02,P_DR,2024-03-12,132907.3,815.87,3059,10112.36,N
USG000941,U02,P_SR,2024-03-12,9833.9,98.75,1252,1009.28,Y
USG000942,U02,P_EV,2024-03-12,99028.4,788.3,1115,4268.29,Y
USG000943,U03,P_EE,2024-03-12,221659.1,1575.39,542,26007.66,Y
USG000944,U04,P_SR,2024-03-12,93079.9,676.77,1317,3542.23,Y
USG000945,U04,P_EV,2024-03-12,219759.8,1205.36,3201,11038.56,Y
USG000946,U05,P_EE,2024-03-12,126967.1,811.98,3309,14941.63,Y
USG000947,U05,P_EV,2024-03-12,111725.7,1354.69,2603,3732.65,Y
USG000948,U01,P_EE,2024-03-13,159199.2,1791.18,2234,12312.8,Y
USG000949,U01,P_DR,2024-03-13,142725.1,880.76,4342,5814.62,Y
USG000950,U02,P_EE,2024-03-13,42441.5,327.28,983,2530.74,Y
USG000951,U02,P_DR,2024-03-13,53700.8,337.89,4020,3763.93,Y
USG000952,U02,P_SR,2024-03-13,108921.5,801.1,1312,2447.87,Y
USG000953,U03,P_EE,2024-03-13,164789.7,1432.32,2627,18008.3,N
USG000954,U03,P_DR,2024-03-13,144559.3,1507.13,1306,13715.91,N
USG000955,U03,P_EV,2024-03-13,48030.5,523.36,622,2905.05,N
USG000956,U04,P_EE,2024-03-13,9772.0,79.62,1841,225.45,Y
USG000957,U04,P_SR,2024-03-13,145793.6,1420.64,4523,15914.34,Y
USG000958,U04,P_EV,2024-03-13,11906.7,73.57,3599,998.63,Y
USG000959,U05,P_DR,2024-03-13,133860.7,1215.02,1683,4110.28,Y
USG000960,U05,P_SR,2024-03-13,77624.0,407.37,4144,3067.12,N
USG000961,U05,P_EV,2024-03-13,56521.9,349.21,2931,5279.88,Y
USG000962,U01,P_EE,2024-03-14,126552.5,738.97,4654,11458.21,Y
USG000963,U01,P_DR,2024-03-14,246246.6,1448.65,1125,29262.72,N
USG000964,U01,P_SR,2024-03-14,244561.0,1297.65,2168,16342.56,Y
USG000965,U01,P_EV,2024-03-14,181162.9,1609.75,3810,15690.49,Y
USG000966,U02,P_EE,2024-03-14,66013.9,772.04,1542,6903.2,Y
USG000967,U02,P_DR,2024-03-14,214672.7,1914.41,1424,11916.97,N
USG000968,U03,P_EE,2024-03-14,172787.4,1864.72,1473,3991.45,Y
USG000969,U03,P_DR,2024-03-14,48102.9,302.11,4675,1041.85,Y
USG000970,U03,P_SR,2024-03-14,248254.7,1353.87,670,28929.67,Y
USG000971,U03,P_EV,2024-03-14,72306.9,671.46,4578,6423.73,Y
USG000972,U05,P_EE,2024-03-14,110928.6,733.72,1717,3452.07,Y
USG000973,U05,P_SR,2024-03-14,139698.3,703.09,2093,10233.09,Y
USG000974,U05,P_EV,2024-03-14,233106.4,1773.42,1941,12178.54,Y
USG000975,U01,P_EE,2024-03-15,78299.0,655.16,2508,4841.49,N
USG000976,U01,P_SR,2024-03-15,91379.6,849.82,364,3939.83,Y
USG000977,U01,P_EV,2024-03-15,70403.2,790.02,4560,3145.43,Y
USG000978,U02,P_SR,2024-03-15,121558.6,1201.33,1788,10634.82,N
USG000979,U02,P_EV,2024-03-15,246780.2,1496.93,212,12150.27,N
USG000980,U03,P_DR,2024-03-15,240018.7,2557.3,2406,5508.1,Y
USG000981,U03,P_SR,2024-03-15,140326.2,876.52,522,16631.33,Y
USG000982,U04,P_EE,2024-03-15,115938.0,1214.34,125,11932.94,Y
USG000983,U04,P_DR,2024-03-15,119149.6,1279.16,403,12646.37,Y
USG000984,U04,P_SR,2024-03-15,114085.2,1085.49,207,13531.48,Y
USG000985,U04,P_EV,2024-03-15,90480.3,805.84,1656,8473.92,Y
USG000986,U05,P_DR,2024-03-15,127581.0,1082.76,2678,5353.46,N
USG000987,U01,P_EE,2024-03-16,239859.0,2205.89,1285,22976.18,N
USG000988,U02,P_EE,2024-03-16,92737.2,566.29,1399,6415.14,N
USG000989,U02,P_SR,2024-03-16,149601.6,770.85,1618,9387.12,Y
USG000990,U02,P_EV,2024-03-16,156410.7,1459.06,3933,17027.4,Y
USG000991,U03,P_EE,2024-03-16,132811.1,886.39,4108,14563.06,Y
USG000992,U03,P_DR,2024-03-16,70402.8,371.33,3018,3674.49,Y
USG000993,U03,P_EV,2024-03-16,247209.0,1931.0,4620,12071.04,N
USG000994,U04,P_EE,2024-03-16,100679.9,801.14,1500,2783.14,Y
USG000995,U04,P_SR,2024-03-16,15789.8,92.27,1363,892.52,Y
USG000996,U04,P_EV,2024-03-16,49206.5,264.99,3259,5800.03,N
USG000997,U05,P_SR,2024-03-16,116366.8,795.47,1347,3895.97,Y
USG000998,U05,P_EV,2024-03-16,120166.0,1224.57,2006,9046.76,N
USG000999,U01,P_DR,2024-03-17,68181.3,607.09,956,2461.72,Y
USG001000,U01,P_SR,2024-03-17,115799.5,1210.0,154,6820.35,Y
USG001001,U02,P_DR,2024-03-17,116558.2,708.5,4721,5828.71,Y
USG001002,U02,P_SR,2024-03-17,47719.7,269.49,1674,2953.55,Y
USG001003,U02,P_EV,2024-03-17,221229.8,1526.45,3565,25746.18,Y
USG001004,U03,P_DR,2024-03-17,126290.0,1108.0,3563,5846.05,Y
USG001005,U03,P_SR,2024-03-17,164907.1,1023.93,4668,11201.11,Y
USG001006,U03,P_EV,2024-03-17,70026.1,571.42,4220,7673.52,Y
USG001007,U04,P_EE,2024-03-17,21902.7,234.9,3075,1599.63,N
USG001008,U04,P_SR,2024-03-17,129948.1,1360.48,1575,3401.59,Y
USG001009,U04,P_EV,2024-03-17,50533.9,280.14,4512,1435.13,Y
USG001010,U05,P_EE,2024-03-17,120821.8,624.32,4960,6855.06,N
USG001011,U05,P_SR,2024-03-17,171870.3,1917.09,3918,8889.81,Y
USG001012,U05,P_EV,2024-03-17,157111.1,1102.24,99,8982.77,N
USG001013,U01,P_EE,2024-03-18,204652.7,1911.28,4159,16791.83,Y
USG001014,U02,P_DR,2024-03-18,79943.2,682.96,4660,1953.59,Y
USG001015,U02,P_EV,2024-03-18,190816.3,1665.2,3488,9612.23,Y
USG001016,U03,P_EE,2024-03-18,220925.6,1179.53,505,19019.14,Y
USG001017,U03,P_DR,2024-03-18,160309.8,1789.13,678,14243.66,Y
USG001018,U03,P_EV,2024-03-18,82173.0,541.55,1083,6073.77,Y
USG001019,U04,P_EE,2024-03-18,90950.8,734.15,4989,6110.79,N
USG001020,U04,P_EV,2024-03-18,234793.2,2168.32,2496,9439.23,Y
USG001021,U05,P_EE,2024-03-18,37183.1,435.65,74,1611.72,Y
USG001022,U05,P_DR,2024-03-18,143196.2,902.19,2325,16757.1,Y
USG001023,U05,P_EV,2024-03-18,174650.2,1007.33,4588,5754.52,Y
USG001024,U01,P_DR,2024-03-19,85578.4,960.48,1428,6416.72,Y
USG001025,U01,P_SR,2024-03-19,23895.7,176.79,1710,1315.19,N
USG001026,U01,P_EV,2024-03-19,53248.9,448.55,4816,5712.03,N
USG001027,U02,P_DR,2024-03-19,127157.3,663.77,456,12821.59,Y
USG001028,U02,P_SR,2024-03-19,100635.0,636.77,240,6817.77,Y
USG001029,U02,P_EV,2024-03-19,85730.1,603.13,3238,6518.87,Y
USG001030,U03,P_EE,2024-03-19,66812.4,336.9,3164,3925.04,Y
USG001031,U03,P_DR,2024-03-19,106578.5,1017.6,3554,6478.48,Y
USG001032,U03,P_SR,2024-03-19,132602.0,1159.2,4538,3213.86,N
USG001033,U03,P_EV,2024-03-19,249550.7,1357.91,195,24115.8,Y
USG001034,U04,P_EE,2024-03-19,202365.4,1045.69,409,9519.2,Y
USG001035,U04,P_SR,2024-03-19,222176.2,1368.29,3368,16491.29,Y
USG001036,U04,P_EV,2024-03-19,200771.8,2034.05,3904,17742.68,Y
USG001037,U05,P_DR,2024-03-19,229252.9,2533.31,3627,19197.74,Y
USG001038,U05,P_SR,2024-03-19,112820.2,741.18,2817,4422.56,N
USG001039,U05,P_EV,2024-03-19,111547.5,786.52,179,11322.35,Y
USG001040,U01,P_EE,2024-03-20,16663.4,91.28,1444,1178.25,Y
USG001041,U01,P_DR,2024-03-20,108905.8,1003.29,1091,11689.16,Y
USG001042,U01,P_SR,2024-03-20,125008.7,960.23,4365,9722.73,Y
USG001043,U01,P_EV,2024-03-20,79037.7,406.16,990,9317.2,Y
USG001044,U02,P_DR,2024-03-20,214889.9,1160.72,166,25768.78,Y
USG001045,U02,P_EV,2024-03-20,223649.5,2783.63,3360,9662.64,N
USG001046,U03,P_EE,2024-03-20,167207.9,910.8,2894,4778.57,Y
USG001047,U03,P_DR,2024-03-20,31715.6,198.6,3691,805.83,Y
USG001048,U03,P_SR,2024-03-20,18676.4,99.37,1763,1815.24,Y
USG001049,U04,P_DR,2024-03-20,216400.5,1684.3,2153,18739.14,N
USG001050,U04,P_SR,2024-03-20,112975.4,993.52,1050,3659.99,Y
USG001051,U04,P_EV,2024-03-20,11599.4,111.77,4382,961.44,N
USG001052,U05,P_EE,2024-03-20,139189.7,1235.6,2279,6813.37,Y
USG001053,U05,P_DR,2024-03-20,8332.1,57.66,322,377.24,N
USG001054,U05,P_EV,2024-03-20,52466.6,454.03,2256,1369.87,N
USG001055,U01,P_DR,2024-03-21,41389.6,388.49,1485,949.35,Y
USG001056,U01,P_EV,2024-03-21,168113.9,1047.97,4623,10346.5,Y
USG001057,U02,P_EE,2024-03-21,233326.2,1583.52,1667,17655.68,Y
USG001058,U02,P_DR,2024-03-21,199036.6,1128.23,520,18768.19,N
USG001059,U02,P_SR,2024-03-21,120422.3,642.25,3691,14098.1,Y
USG001060,U02,P_EV,2024-03-21,224832.9,1665.99,318,17118.66,Y
USG001061,U03,P_EV,2024-03-21,11314.4,106.45,1715,534.12,Y
USG001062,U04,P_SR,2024-03-21,187891.8,1196.88,4950,14220.56,Y
USG001063,U04,P_EV,2024-03-21,218380.7,2181.91,3187,22353.16,Y
USG001064,U05,P_EE,2024-03-21,211524.1,2139.43,276,21632.41,Y
USG001065,U05,P_DR,2024-03-21,44366.1,229.9,602,4871.7,Y
USG001066,U05,P_SR,2024-03-21,207691.9,1169.92,2902,14132.01,Y
USG001067,U05,P_EV,2024-03-21,102875.6,794.25,628,5626.14,Y
USG001068,U01,P_EE,2024-03-22,63247.2,661.6,1872,4825.47,Y
USG001069,U01,P_DR,2024-03-22,8688.3,60.11,3928,944.86,Y
USG001070,U01,P_EV,2024-03-22,156525.3,1063.81,788,4280.58,Y
USG001071,U02,P_EE,2024-03-22,147988.8,782.68,2710,7069.17,Y
USG001072,U02,P_EV,2024-03-22,61063.7,651.94,2509,6934.06,Y
USG001073,U03,P_SR,2024-03-22,135396.9,750.35,300,12050.34,Y
USG001074,U03,P_EV,2024-03-22,238349.7,2729.68,1885,23170.53,Y
USG001075,U04,P_EE,2024-03-22,127680.2,825.29,4928,12829.3,N
USG001076,U04,P_DR,2024-03-22,31783.6,371.05,1670,3581.73,Y
USG001077,U04,P_SR,2024-03-22,184781.5,1063.86,1200,7332.31,Y
USG001078,U04,P_EV,2024-03-22,50571.4,371.85,4973,2415.08,Y
USG001079,U05,P_EE,2024-03-22,161079.1,988.07,4251,9099.21,N
USG001080,U05,P_DR,2024-03-22,143801.0,1099.51,4045,16075.84,Y
USG001081,U05,P_EV,2024-03-22,32399.8,231.91,2254,902.71,Y
USG001082,U01,P_DR,2024-03-23,99785.0,519.32,4975,11387.98,N
USG001083,U01,P_SR,2024-03-23,202323.3,1121.6,4479,12153.3,Y
USG001084,U02,P_EE,2024-03-23,187231.6,1212.57,4012,9553.82,Y
USG001085,U02,P_SR,2024-03-23,19889.4,146.79,3970,2180.63,Y
USG001086,U02,P_EV,2024-03-23,143872.6,1402.36,2907,10662.94,Y
USG001087,U03,P_DR,2024-03-23,242666.7,2000.08,2586,22772.19,Y
USG001088,U03,P_SR,2024-03-23,40069.6,330.0,1261,1632.44,Y
USG001089,U03,P_EV,2024-03-23,227006.1,1294.68,3771,7117.83,Y
USG001090,U04,P_EE,2024-03-23,69522.2,388.45,2041,3183.31,Y
USG001091,U04,P_DR,2024-03-23,103572.4,597.91,1026,2862.37,Y
USG001092,U04,P_SR,2024-03-23,80956.8,857.93,4805,4893.52,N
USG001093,U04,P_EV,2024-03-23,65323.3,361.3,1360,6216.21,Y
USG001094,U05,P_EE,2024-03-23,215946.4,2249.55,2143,14644.39,Y
USG001095,U05,P_SR,2024-03-23,114629.5,810.16,2141,7926.65,Y
USG001096,U05,P_EV,2024-03-23,189113.7,1126.81,3816,4739.68,Y
USG001097,U01,P_EE,2024-03-24,84548.9,822.43,484,4812.23,Y
USG001098,U01,P_SR,2024-03-24,82947.4,584.75,1224,5202.38,Y
USG001099,U02,P_DR,2024-03-24,166149.4,1022.86,4713,13334.91,Y
USG001100,U02,P_SR,2024-03-24,18403.8,98.12,4204,740.06,N
USG001101,U03,P_DR,2024-03-24,47076.6,314.95,2487,4157.81,Y
USG001102,U03,P_SR,2024-03-24,233524.3,1284.49,4828,26530.01,Y
USG001103,U03,P_EV,2024-03-24,62921.1,340.56,2829,3957.32,Y
USG001104,U04,P_DR,2024-03-24,18421.0,99.92,912,2024.62,Y
USG001105,U04,P_SR,2024-03-24,197760.3,1162.86,1579,4249.42,Y
USG001106,U04,P_EV,2024-03-24,210597.9,2531.98,4753,13534.43,Y
USG001107,U05,P_EE,2024-03-24,178078.6,1053.66,1511,14351.57,Y
USG001108,U05,P_DR,2024-03-24,59634.3,475.65,238,2340.8,N
USG001109,U05,P_SR,2024-03-24,25299.8,142.15,2734,2234.24,Y
USG001110,U01,P_EE,2024-03-25,248058.1,1581.91,714,20682.16,Y
USG001111,U01,P_DR,2024-03-25,109107.3,654.11,4918,8067.6,Y
USG001112,U02,P_EE,2024-03-25,246608.6,1254.69,1947,17673.57,N
USG001113,U02,P_SR,2024-03-25,73942.2,370.72,3192,8109.7,Y
USG001114,U02,P_EV,2024-03-25,118599.5,1396.52,3926,5215.26,Y
USG001115,U03,P_EE,2024-03-25,196384.3,1637.48,2160,11025.08,Y
USG001116,U03,P_DR,2024-03-25,185506.0,2030.47,4472,21641.02,Y
USG001117,U03,P_EV,2024-03-25,198347.1,1131.28,4789,18746.53,Y
USG001118,U04,P_EE,2024-03-25,123989.4,720.62,1545,4863.67,Y
USG001119,U04,P_DR,2024-03-25,247681.5,1328.79,2201,10950.91,N
USG001120,U04,P_SR,2024-03-25,117758.2,1315.9,3049,4290.91,Y
USG001121,U04,P_EV,2024-03-25,220425.3,1178.87,4263,19060.33,Y
USG001122,U05,P_EE,2024-03-25,7335.9,48.62,2591,347.58,Y
USG001123,U05,P_SR,2024-03-25,143047.8,947.07,4939,13347.75,Y
USG001124,U05,P_EV,2024-03-25,114556.5,952.47,2278,9695.86,N
USG001125,U01,P_SR,2024-03-26,134635.4,1225.1,1831,7968.89,Y
USG001126,U01,P_EV,2024-03-26,137894.5,954.44,2425,6229.16,Y
USG001127,U02,P_DR,2024-03-26,105799.2,1003.27,3134,10937.9,Y
USG001128,U02,P_EV,2024-03-26,102253.1,1061.16,130,8075.1,Y
USG001129,U03,P_DR,2024-03-26,157212.9,1097.51,2435,9902.08,Y
USG001130,U03,P_SR,2024-03-26,213752.0,1880.44,1770,24474.22,Y
USG001131,U03,P_EV,2024-03-26,142680.2,985.25,3878,10745.53,Y
USG001132,U04,P_SR,2024-03-26,36876.6,205.41,3066,2470.62,Y
USG001133,U04,P_EV,2024-03-26,213413.6,1134.19,2279,23239.56,N
USG001134,U05,P_DR,2024-03-26,106512.8,925.79,319,6197.11,Y
USG001135,U05,P_EV,2024-03-26,92959.5,529.51,2983,6601.94,Y
USG001136,U01,P_EE,2024-03-27,10187.2,55.6,4493,1014.36,Y
USG001137,U01,P_DR,2024-03-27,35359.5,314.66,2030,3865.16,N
USG001138,U01,P_SR,2024-03-27,135010.4,1404.1,4458,10151.4,Y
USG001139,U02,P_EE,2024-03-27,20886.4,171.51,1354,1846.34,Y
USG001140,U02,P_DR,2024-03-27,164108.1,975.21,3507,7235.43,Y
USG001141,U02,P_EV,2024-03-27,149715.0,763.52,4976,8665.41,Y
USG001142,U03,P_DR,2024-03-27,45457.3,372.32,700,1739.52,Y
USG001143,U03,P_SR,2024-03-27,114057.4,677.02,2732,11116.72,N
USG001144,U03,P_EV,2024-03-27,57783.9,298.72,3093,5557.34,N
USG001145,U04,P_SR,2024-03-27,70195.8,352.49,3730,4288.72,Y
USG001146,U05,P_DR,2024-03-27,232677.0,1487.88,2799,20678.25,Y
USG001147,U05,P_SR,2024-03-27,41330.0,337.53,545,2897.76,N
USG001148,U01,P_EE,2024-03-28,5724.5,65.66,3227,586.62,Y
USG001149,U01,P_DR,2024-03-28,84143.2,881.88,2281,8748.0,Y
USG001150,U01,P_SR,2024-03-28,137444.5,1320.84,72,14310.42,Y
USG001151,U02,P_EE,2024-03-28,128155.4,989.82,4815,14613.23,Y
USG001152,U02,P_DR,2024-03-28,211009.3,2496.59,2358,22112.09,Y
USG001153,U03,P_DR,2024-03-28,57824.8,602.84,134,6716.39,Y
USG001154,U03,P_SR,2024-03-28,182115.1,1561.42,3299,7067.6,Y
USG001155,U03,P_EV,2024-03-28,43266.4,386.67,1133,1027.39,Y
USG001156,U04,P_EE,2024-03-28,111265.6,759.76,3564,6793.46,Y
USG001157,U04,P_DR,2024-03-28,150385.8,772.42,4151,14328.19,N
USG001158,U04,P_EV,2024-03-28,165819.3,1585.3,3300,12846.94,Y
USG001159,U05,P_DR,2024-03-28,184539.0,1066.2,2654,7565.49,Y
USG001160,U05,P_SR,2024-03-28,120792.1,816.35,2890,4145.4,Y
USG001161,U05,P_EV,2024-03-28,54731.4,465.7,2031,6186.46,Y
USG001162,U01,P_EE,2024-03-29,51981.3,366.88,4787,1454.58,Y
USG001163,U01,P_DR,2024-03-29,16306.9,139.7,1322,875.37,Y
USG001164,U01,P_SR,2024-03-29,86881.1,752.28,896,4591.72,Y
USG001165,U01,P_EV,2024-03-29,95469.1,481.91,1244,5369.81,Y
USG001166,U02,P_EE,2024-03-29,93380.7,511.17,3238,6856.95,Y
USG001167,U02,P_EV,2024-03-29,93315.9,558.86,4205,4481.76,Y
USG001168,U03,P_EE,2024-03-29,237340.3,1191.02,57,7527.63,Y
USG001169,U03,P_DR,2024-03-29,56289.7,545.81,2594,4731.98,Y
USG001170,U04,P_EE,2024-03-29,240201.6,2929.78,3025,21847.39,Y
USG001171,U04,P_DR,2024-03-29,206999.3,1440.9,3929,8429.25,Y
USG001172,U04,P_EV,2024-03-29,195645.6,1609.17,3766,6622.32,Y
USG001173,U05,P_EE,2024-03-29,133677.1,722.14,3339,12087.86,N
USG001174,U05,P_DR,2024-03-29,178922.1,1063.98,4785,17171.02,Y
USG001175,U05,P_EV,2024-03-29,37280.5,355.81,4187,2795.37,Y
USG001176,U01,P_EE,2024-03-30,99390.8,849.55,4629,7972.57,Y
USG001177,U01,P_DR,2024-03-30,146477.8,1002.58,1189,17316.35,N
USG001178,U01,P_SR,2024-03-30,131330.3,1337.47,324,9269.7,N
USG001179,U02,P_EE,2024-03-30,52886.9,445.53,4456,5983.64,Y
USG001180,U02,P_DR,2024-03-30,208760.3,1563.72,2518,7256.57,Y
USG001181,U02,P_SR,2024-03-30,87141.5,535.4,3970,9245.31,Y
USG001182,U03,P_DR,2024-03-30,188792.6,1874.59,2891,6417.66,Y
USG001183,U04,P_EE,2024-03-30,160364.0,1226.23,1050,11171.31,Y
USG001184,U04,P_SR,2024-03-30,243518.7,1480.06,751,23655.83,Y
USG001185,U05,P_EE,2024-03-30,137446.4,850.27,1730,8599.05,N
USG001186,U05,P_DR,2024-03-30,198395.8,1034.34,3634,22645.47,Y
USG001187,U05,P_SR,2024-03-30,210147.8,1487.18,3613,5189.13,N
USG001188,U05,P_EV,2024-03-30,140434.0,754.01,761,12241.97,Y
USG001189,U01,P_EE,2024-03-31,170064.3,993.76,1918,20387.97,Y
USG001190,U01,P_DR,2024-03-31,187708.4,967.0,3209,14879.77,Y
USG001191,U01,P_SR,2024-03-31,139558.3,1166.71,1496,9149.35,Y
USG001192,U01,P_EV,2024-03-31,244416.0,1293.53,1368,9889.2,Y
USG001193,U02,P_EE,2024-03-31,138590.5,1207.28,2994,7250.4,Y
USG001194,U02,P_DR,2024-03-31,24040.7,150.1,3505,1660.06,Y
USG001195,U03,P_EE,2024-03-31,66054.2,550.58,3739,6510.5,Y
USG001196,U03,P_DR,2024-03-31,208693.2,1091.27,257,5279.02,Y
USG001197,U03,P_SR,2024-03-31,166321.2,1586.27,2018,19201.35,Y
USG001198,U04,P_EE,2024-03-31,30484.1,350.11,1887,3377.64,Y
USG001199,U04,P_DR,2024-03-31,189059.0,2003.49,3913,19011.9,Y
USG001200,U04,P_EV,2024-03-31,5244.1,35.02,4471,249.17,Y
USG001201,U05,P_SR,2024-03-31,40113.6,215.56,2445,4605.81,N
USG001202,U05,P_EV,2024-03-31,167688.7,990.6,3703,17190.21,Y
USG001203,U01,P_DR,2024-04-01,55599.3,356.81,3228,3819.77,Y
USG001204,U01,P_EV,2024-04-01,44396.7,250.27,1106,923.15,Y
USG001205,U02,P_EE,2024-04-01,235608.7,1373.5,4955,25997.05,Y
USG001206,U02,P_DR,2024-04-01,131812.1,1258.46,2688,8009.24,Y
USG001207,U02,P_SR,2024-04-01,178710.2,903.04,4606,9662.49,Y
USG001208,U02,P_EV,2024-04-01,232699.4,1229.61,950,22195.54,Y
USG001209,U03,P_EE,2024-04-01,218115.2,2193.17,4144,25013.25,Y
USG001210,U04,P_EE,2024-04-01,84138.4,567.02,2995,6523.55,Y
USG001211,U04,P_DR,2024-04-01,20842.0,159.82,3512,1723.93,Y
USG001212,U05,P_EE,2024-04-01,105820.5,534.28,4453,8436.67,N
USG001213,U05,P_DR,2024-04-01,192494.9,1242.92,270,16230.3,Y
USG001214,U05,P_SR,2024-04-01,19360.3,215.55,2835,1495.17,N
USG001215,U05,P_EV,2024-04-01,44909.2,484.51,2455,3958.59,N
USG001216,U01,P_EE,2024-04-02,95318.8,835.21,310,8639.94,Y
USG001217,U01,P_DR,2024-04-02,10434.2,66.65,2064,429.66,N
USG001218,U01,P_SR,2024-04-02,202281.5,1965.74,3097,15554.33,Y
USG001219,U01,P_EV,2024-04-02,177660.1,1207.99,4544,5017.04,N
USG001220,U02,P_EE,2024-04-02,242414.0,1524.35,4108,22264.7,Y
USG001221,U03,P_EE,2024-04-02,204219.8,1832.31,1643,8304.19,Y
USG001222,U03,P_SR,2024-04-02,74631.9,407.57,2503,6809.51,Y
USG001223,U04,P_EE,2024-04-02,93941.9,813.18,1412,5743.9,Y
USG001224,U04,P_DR,2024-04-02,249577.0,1413.28,4292,12937.49,N
USG001225,U04,P_SR,2024-04-02,141694.1,916.39,4972,15745.84,Y
USG001226,U04,P_EV,2024-04-02,124579.7,1313.09,4044,2871.93,N
USG001227,U05,P_DR,2024-04-02,90426.0,527.91,2809,8769.13,Y
USG001228,U01,P_EE,2024-04-03,59835.0,315.55,2580,6901.49,Y
USG001229,U01,P_DR,2024-04-03,60255.2,390.17,897,4019.58,Y
USG001230,U01,P_SR,2024-04-03,104910.8,686.94,641,2687.45,N
USG001231,U02,P_EE,2024-04-03,178696.2,2034.72,1233,19217.37,Y
USG001232,U02,P_DR,2024-04-03,89069.1,932.92,3584,4099.08,Y
USG001233,U02,P_SR,2024-04-03,31739.1,186.61,3660,2097.13,Y
USG001234,U02,P_EV,2024-04-03,198285.2,1335.96,518,20768.33,Y
USG001235,U03,P_EE,2024-04-03,41144.9,308.52,3219,2046.14,Y
USG001236,U03,P_SR,2024-04-03,50209.0,284.94,3101,3120.07,Y
USG001237,U03,P_EV,2024-04-03,104703.1,1109.2,3230,9370.71,Y
USG001238,U04,P_DR,2024-04-03,233560.4,2519.39,3973,18753.86,Y
USG001239,U04,P_SR,2024-04-03,97321.4,1016.93,3839,6775.36,Y
USG001240,U04,P_EV,2024-04-03,60548.4,472.75,1162,6086.12,Y
USG001241,U05,P_EE,2024-04-03,22339.7,152.5,1022,1253.74,Y
USG001242,U05,P_DR,2024-04-03,246025.1,1406.35,3286,25304.1,Y
USG001243,U05,P_EV,2024-04-03,168372.8,1254.8,4002,9487.8,Y
USG001244,U01,P_EE,2024-04-04,248549.7,1268.35,3186,27778.0,Y
USG001245,U01,P_DR,2024-04-04,107961.6,585.22,887,3747.56,Y
USG001246,U01,P_EV,2024-04-04,31756.4,242.08,3010,2229.19,Y
USG001247,U02,P_EE,2024-04-04,131081.6,1404.63,4370,13589.2,N
USG001248,U02,P_DR,2024-04-04,13811.5,100.0,79,1400.62,Y
USG001249,U02,P_SR,2024-04-04,187545.2,1392.44,3839,11502.23,Y
USG001250,U03,P_EE,2024-04-04,53796.7,599.27,2176,2963.91,Y
USG001251,U03,P_DR,2024-04-04,100917.0,859.52,4430,4714.2,Y
USG001252,U03,P_SR,2024-04-04,83147.4,500.37,4950,3037.5,Y
USG001253,U03,P_EV,2024-04-04,191186.2,1248.31,1012,20301.23,Y
USG001254,U04,P_EE,2024-04-04,109377.6,794.94,755,8249.95,Y
USG001255,U04,P_DR,2024-04-04,182677.8,1194.59,1256,17599.26,N
USG001256,U04,P_SR,2024-04-04,144347.0,723.56,4333,7171.82,N
USG001257,U04,P_EV,2024-04-04,226134.5,1789.2,2129,23525.72,Y
USG001258,U05,P_EE,2024-04-04,80895.2,867.93,2612,2611.43,Y
USG001259,U05,P_DR,2024-04-04,108056.1,998.88,4117,9257.1,Y
USG001260,U05,P_SR,2024-04-04,73769.9,477.06,1109,3543.0,Y
USG001261,U02,P_EE,2024-04-05,72722.4,390.86,2082,2332.78,N
USG001262,U02,P_DR,2024-04-05,225189.6,1153.76,1445,18822.93,Y
USG001263,U02,P_SR,2024-04-05,198678.3,1702.77,1320,18927.4,Y
USG001264,U03,P_EE,2024-04-05,88317.6,754.21,3458,3677.29,N
USG001265,U03,P_DR,2024-04-05,235143.5,2192.52,4146,23160.9,Y
USG001266,U03,P_SR,2024-04-05,62826.4,566.03,1020,4760.47,Y
USG001267,U03,P_EV,2024-04-05,244047.9,1972.19,2961,24806.58,Y
USG001268,U04,P_SR,2024-04-05,107818.9,790.61,2924,9051.02,N
USG001269,U04,P_EV,2024-04-05,233039.5,1889.68,1633,13973.05,Y
USG001270,U05,P_EE,2024-04-05,32957.1,286.94,563,2360.36,N
USG001271,U05,P_DR,2024-04-05,51246.1,532.48,1383,2115.3,Y
USG001272,U01,P_EE,2024-04-06,204348.4,1477.38,2020,5216.96,N
USG001273,U01,P_EV,2024-04-06,171095.4,2028.93,3606,18323.27,N
USG001274,U02,P_DR,2024-04-06,115056.1,1248.31,4548,5142.69,Y
USG001275,U02,P_SR,2024-04-06,221372.2,1980.43,4892,10324.19,Y
USG001276,U02,P_EV,2024-04-06,61190.9,320.4,3140,3341.82,Y
USG001277,U03,P_EE,2024-04-06,57080.2,453.33,3179,6583.94,Y
USG001278,U03,P_SR,2024-04-06,78407.6,552.5,1997,3212.93,Y
USG001279,U03,P_EV,2024-04-06,138430.2,749.75,4257,4412.25,Y
USG001280,U04,P_SR,2024-04-06,134813.2,1284.4,1833,7939.84,N
USG001281,U05,P_EE,2024-04-06,213741.7,1287.87,1961,11803.11,N
USG001282,U05,P_DR,2024-04-06,19285.2,127.86,1489,1448.36,Y
USG001283,U05,P_EV,2024-04-06,79286.2,444.23,3141,9202.34,N
USG001284,U01,P_EE,2024-04-07,132182.2,783.97,2473,5486.54,Y
USG001285,U01,P_DR,2024-04-07,134595.2,1257.88,4435,12206.93,Y
USG001286,U01,P_SR,2024-04-07,73038.7,757.63,2501,4528.63,N
USG001287,U02,P_EE,2024-04-07,231504.7,1351.32,968,10351.46,Y
USG001288,U02,P_SR,2024-04-07,103823.8,944.8,306,4916.03,Y
USG001289,U02,P_EV,2024-04-07,245968.1,2084.38,4763,22726.46,Y
USG001290,U03,P_EE,2024-04-07,193443.7,2063.27,620,18522.95,Y
USG001291,U03,P_SR,2024-04-07,152421.3,1146.75,1257,11977.33,N
USG001292,U04,P_EE,2024-04-07,238360.7,1444.83,649,11171.45,N
USG001293,U04,P_SR,2024-04-07,78998.4,848.68,1803,7870.44,Y
USG001294,U05,P_EE,2024-04-07,30092.4,262.57,3529,1314.21,Y
USG001295,U05,P_DR,2024-04-07,60120.6,614.66,1275,5545.22,Y
USG001296,U05,P_SR,2024-04-07,66668.6,466.61,2872,7871.53,N
USG001297,U01,P_DR,2024-04-08,241290.8,2050.07,1606,11934.25,Y
USG001298,U01,P_SR,2024-04-08,144996.2,956.96,1428,4655.2,Y
USG001299,U02,P_EE,2024-04-08,124950.2,632.58,1615,5427.06,Y
USG001300,U02,P_DR,2024-04-08,100610.8,730.6,4240,8761.07,Y
USG001301,U02,P_SR,2024-04-08,12708.2,103.18,4992,1103.87,Y
USG001302,U03,P_SR,2024-04-08,130747.4,718.64,3592,9388.12,Y
USG001303,U03,P_EV,2024-04-08,200623.3,1890.14,109,9832.24,Y
USG001304,U04,P_EE,2024-04-08,106673.4,566.9,2331,2269.83,N
USG001305,U04,P_SR,2024-04-08,92040.7,467.21,4917,9712.25,Y
USG001306,U05,P_EE,2024-04-08,99642.6,758.15,145,11399.07,Y
USG001307,U05,P_DR,2024-04-08,52924.2,377.04,3667,5268.9,Y
USG001308,U05,P_EV,2024-04-08,146186.4,896.33,4703,5342.45,N
USG001309,U01,P_DR,2024-04-09,217201.8,1410.52,2271,16918.55,Y
USG001310,U01,P_EV,2024-04-09,175147.8,944.02,3252,11314.74,Y
USG001311,U02,P_EE,2024-04-09,49314.5,270.56,3370,5247.02,N
USG001312,U02,P_DR,2024-04-09,12049.5,106.13,1034,1000.96,Y
USG001313,U02,P_SR,2024-04-09,20274.0,145.47,1331,1830.52,Y
USG001314,U02,P_EV,2024-04-09,48871.7,373.21,640,4003.69,Y
USG001315,U03,P_EV,2024-04-09,87977.2,443.75,2685,6100.65,Y
USG001316,U04,P_EE,2024-04-09,38039.8,287.14,2544,1703.62,Y
USG001317,U04,P_DR,2024-04-09,104211.8,645.95,4349,10237.29,Y
USG001318,U04,P_EV,2024-04-09,93246.8,528.18,2511,8518.76,Y
USG001319,U05,P_DR,2024-04-09,45606.1,452.33,2431,5425.82,Y
USG001320,U05,P_SR,2024-04-09,71058.4,556.76,1761,3018.48,Y
USG001321,U05,P_EV,2024-04-09,207812.5,1648.41,1902,18774.56,Y
USG001322,U01,P_EE,2024-04-10,96744.7,511.7,462,8038.02,Y
USG001323,U01,P_DR,2024-04-10,146808.5,1400.2,4335,4844.74,Y
USG001324,U01,P_SR,2024-04-10,244973.3,1320.0,2944,12144.21,Y
USG001325,U01,P_EV,2024-04-10,130617.1,834.46,4229,10168.94,N
USG001326,U02,P_EE,2024-04-10,197328.8,995.67,2744,15384.18,Y
USG001327,U02,P_DR,2024-04-10,186119.6,1444.14,263,15723.31,Y
USG001328,U02,P_EV,2024-04-10,148013.9,842.19,3540,6860.77,Y
USG001329,U03,P_EE,2024-04-10,28303.9,273.76,4541,1943.35,Y
USG001330,U03,P_DR,2024-04-10,240065.1,1267.34,1381,12072.97,N
USG001331,U03,P_SR,2024-04-10,144329.0,1780.45,4958,5528.35,Y
USG001332,U03,P_EV,2024-04-10,241024.5,2942.0,4026,18718.04,Y
USG001333,U04,P_EE,2024-04-10,227524.9,1259.12,4943,13629.54,Y
USG001334,U04,P_DR,2024-04-10,151338.7,837.4,1533,16986.7,Y
USG001335,U04,P_SR,2024-04-10,50471.9,417.87,4099,4696.0,N
USG001336,U05,P_EE,2024-04-10,243964.5,1756.62,4284,7362.9,Y
USG001337,U05,P_DR,2024-04-10,233478.6,1995.12,54,23735.1,N
USG001338,U01,P_SR,2024-04-11,138360.7,781.44,2819,8345.14,Y
USG001339,U01,P_EV,2024-04-11,222193.2,2085.49,3007,23313.42,N
USG001340,U02,P_EE,2024-04-11,87169.7,456.05,571,6291.43,Y
USG001341,U02,P_DR,2024-04-11,20121.3,200.54,4118,2282.99,Y
USG001342,U02,P_SR,2024-04-11,158263.8,887.28,1821,17853.24,Y
USG001343,U03,P_DR,2024-04-11,65382.3,353.09,1835,3836.04,Y
USG001344,U04,P_EE,2024-04-11,91358.9,1012.18,2577,2048.56,Y
USG001345,U04,P_EV,2024-04-11,125263.2,846.75,392,7667.77,Y
USG001346,U05,P_EE,2024-04-11,210850.0,2017.63,453,11545.45,Y
USG001347,U05,P_DR,2024-04-11,60965.4,624.48,3549,2415.96,Y
USG001348,U05,P_SR,2024-04-11,176295.4,1447.41,3331,20562.95,Y
USG001349,U05,P_EV,2024-04-11,241641.5,2408.25,4064,10473.93,N
USG001350,U01,P_EE,2024-04-12,231925.2,1998.91,4141,6338.88,Y
USG001351,U01,P_DR,2024-04-12,170806.2,1345.14,3095,9621.26,Y
USG001352,U01,P_SR,2024-04-12,169688.1,913.16,4876,15924.29,Y
USG001353,U01,P_EV,2024-04-12,67572.2,381.71,3867,7140.79,Y
USG001354,U02,P_DR,2024-04-12,228460.0,1292.87,1660,16063.24,Y
USG001355,U02,P_SR,2024-04-12,115216.8,586.18,630,5983.27,Y
USG001356,U02,P_EV,2024-04-12,163986.4,950.66,311,15830.41,Y
USG001357,U03,P_DR,2024-04-12,200716.2,1157.12,1218,22445.04,Y
USG001358,U03,P_EV,2024-04-12,21489.3,160.54,2362,775.86,N
USG001359,U04,P_EE,2024-04-12,18734.3,135.53,3458,1241.94,N
USG001360,U04,P_DR,2024-04-12,6822.1,37.18,2759,611.5,Y
USG001361,U04,P_SR,2024-04-12,136090.4,696.9,323,9099.6,Y
USG001362,U05,P_EE,2024-04-12,213448.3,1290.19,3108,7762.06,Y
USG001363,U05,P_DR,2024-04-12,182236.4,1348.81,362,19644.37,Y
USG001364,U05,P_SR,2024-04-12,43150.6,362.4,3404,4157.72,Y
USG001365,U01,P_EV,2024-04-13,182782.6,962.88,1272,16601.29,Y
USG001366,U02,P_EE,2024-04-13,201451.6,1556.59,674,9583.4,Y
USG001367,U02,P_DR,2024-04-13,14750.4,97.45,3095,714.01,N
USG001368,U02,P_SR,2024-04-13,88482.6,504.75,4004,6810.69,Y
USG001369,U02,P_EV,2024-04-13,56448.1,503.57,430,6175.35,Y
USG001370,U03,P_EE,2024-04-13,116956.7,589.95,494,3379.38,N
USG001371,U03,P_SR,2024-04-13,223770.3,2502.43,4477,17256.19,N
USG001372,U03,P_EV,2024-04-13,22536.0,190.91,708,1970.56,Y
USG001373,U04,P_SR,2024-04-13,185755.3,1895.02,3314,19326.28,N
USG001374,U04,P_EV,2024-04-13,92288.5,639.69,973,9983.94,Y
USG001375,U05,P_EE,2024-04-13,122752.8,1329.25,4257,5955.37,Y
USG001376,U05,P_DR,2024-04-13,107081.0,1081.18,4161,9689.14,Y
USG001377,U05,P_SR,2024-04-13,151925.6,883.64,2848,5876.86,Y
USG001378,U01,P_EE,2024-04-14,214969.6,1466.54,3784,21437.48,Y
USG001379,U01,P_DR,2024-04-14,151063.0,1478.58,4000,8060.55,Y
USG001380,U01,P_SR,2024-04-14,238514.5,1476.73,2179,25640.73,N
USG001381,U01,P_EV,2024-04-14,188178.1,2276.13,1379,13471.14,Y
USG001382,U02,P_DR,2024-04-14,218411.3,1506.95,2321,6140.52,Y
USG001383,U03,P_DR,2024-04-14,200404.5,1037.62,4576,13027.57,N
USG001384,U04,P_EE,2024-04-14,108429.2,609.36,1045,4461.98,Y
USG001385,U04,P_EV,2024-04-14,36020.9,381.63,261,1668.62,Y
USG001386,U05,P_EE,2024-04-14,184532.3,1088.95,1292,8433.32,Y
USG001387,U05,P_EV,2024-04-14,35395.2,351.49,2786,2141.89,Y
USG001388,U01,P_EE,2024-04-15,149492.1,1307.21,4664,5079.84,Y
USG001389,U01,P_DR,2024-04-15,25093.7,178.86,3171,2863.07,N
USG001390,U01,P_EV,2024-04-15,57126.0,430.59,3876,1320.0,Y
USG001391,U02,P_EE,2024-04-15,29342.5,213.52,3702,1605.99,Y
USG001392,U03,P_EE,2024-04-15,123460.7,810.66,514,8527.34,Y
USG001393,U03,P_DR,2024-04-15,163890.2,860.78,3599,6833.97,N
USG001394,U04,P_DR,2024-04-15,161790.1,816.82,1927,4837.93,Y
USG001395,U04,P_SR,2024-04-15,120321.9,1205.53,3406,10273.24,Y
USG001396,U04,P_EV,2024-04-15,18732.7,198.01,651,812.57,Y
USG001397,U05,P_EE,2024-04-15,7509.2,55.83,2576,180.93,Y
USG001398,U05,P_DR,2024-04-15,109977.0,1306.9,613,10306.65,Y
USG001399,U05,P_EV,2024-04-15,85823.7,479.7,697,7997.4,Y
USG001400,U01,P_EE,2024-04-16,143813.1,1387.57,1982,14705.8,N
USG001401,U01,P_DR,2024-04-16,171660.8,1254.07,1108,20186.29,N
USG001402,U01,P_EV,2024-04-16,135263.7,720.81,2680,8432.84,Y
USG001403,U02,P_EE,2024-04-16,153114.2,1099.68,4978,7232.61,Y
USG001404,U02,P_DR,2024-04-16,170924.6,1394.77,1194,10207.17,Y
USG001405,U02,P_SR,2024-04-16,16227.0,112.66,4271,1712.0,Y
USG001406,U02,P_EV,2024-04-16,28666.9,164.26,880,3243.65,N
USG001407,U03,P_EE,2024-04-16,158085.4,798.05,1964,18397.68,Y
USG001408,U03,P_DR,2024-04-16,54714.4,418.36,923,2212.82,N
USG001409,U03,P_EV,2024-04-16,13161.9,76.6,3371,1332.52,Y
USG001410,U04,P_EE,2024-04-16,117721.7,748.47,3893,3960.6,Y
USG001411,U04,P_DR,2024-04-16,118431.7,596.4,4393,9996.51,N
USG001412,U05,P_EE,2024-04-16,206251.3,1361.15,705,16765.59,Y
USG001413,U05,P_DR,2024-04-16,95066.3,596.63,1396,7310.17,Y
USG001414,U05,P_SR,2024-04-16,31970.3,335.11,2092,2155.08,N
USG001415,U05,P_EV,2024-04-16,236826.0,2305.49,1639,10733.27,Y
USG001416,U01,P_EE,2024-04-17,173704.1,984.06,1404,14789.45,Y
USG001417,U01,P_DR,2024-04-17,161893.3,909.82,945,17136.27,Y
USG001418,U01,P_SR,2024-04-17,184559.3,1201.76,4176,5724.29,Y
USG001419,U02,P_EE,2024-04-17,118615.5,625.6,3007,8533.62,N
USG001420,U02,P_DR,2024-04-17,177494.9,1282.93,1851,8493.19,Y
USG001421,U02,P_EV,2024-04-17,117634.5,705.17,2266,3177.72,Y
USG001422,U03,P_EE,2024-04-17,241576.6,1789.05,2498,22852.9,Y
USG001423,U03,P_DR,2024-04-17,138851.6,807.65,2371,7262.38,Y
USG001424,U03,P_SR,2024-04-17,19700.2,171.93,1664,1489.21,Y
USG001425,U03,P_EV,2024-04-17,65729.8,370.21,4747,7628.24,Y
USG001426,U04,P_EE,2024-04-17,216639.2,1652.1,3820,11175.99,Y
USG001427,U04,P_DR,2024-04-17,66670.1,565.61,3690,4993.11,Y
USG001428,U04,P_SR,2024-04-17,5232.4,54.48,225,294.8,N
USG001429,U04,P_EV,2024-04-17,9617.9,88.98,2877,494.03,Y
USG001430,U05,P_DR,2024-04-17,56874.0,366.56,145,6260.66,Y
USG001431,U05,P_EV,2024-04-17,215655.4,1842.66,4011,17528.94,Y
USG001432,U01,P_EE,2024-04-18,214040.4,1768.08,617,8652.74,Y
USG001433,U02,P_EE,2024-04-18,191116.8,1764.84,1915,7109.02,Y
USG001434,U02,P_DR,2024-04-18,40247.7,302.65,3175,3139.92,Y
USG001435,U02,P_SR,2024-04-18,201284.7,1399.25,1825,20907.64,Y
USG001436,U03,P_EE,2024-04-18,112778.2,608.56,416,13370.99,N
USG001437,U03,P_SR,2024-04-18,86652.9,710.18,4054,6785.98,Y
USG001438,U04,P_EE,2024-04-18,229777.9,2375.9,445,25187.59,Y
USG001439,U05,P_EE,2024-04-18,120001.9,1178.47,1581,2595.17,Y
USG001440,U05,P_DR,2024-04-18,168210.1,1237.65,1716,4172.45,Y
USG001441,U05,P_SR,2024-04-18,97258.9,652.75,2515,9724.88,N
USG001442,U05,P_EV,2024-04-18,202620.8,1439.66,1413,22733.22,Y
USG001443,U01,P_DR,2024-04-19,60092.4,333.35,2684,5315.42,N
USG001444,U01,P_SR,2024-04-19,155665.6,871.44,3799,4349.62,Y
USG001445,U01,P_EV,2024-04-19,14588.8,170.08,4718,1376.18,N
USG001446,U02,P_EE,2024-04-19,28049.5,142.65,62,1763.7,Y
USG001447,U02,P_EV,2024-04-19,83672.1,479.96,1018,8038.95,Y
USG001448,U03,P_EE,2024-04-19,248285.5,1578.02,4529,17414.98,Y
USG001449,U03,P_DR,2024-04-19,193444.4,1614.31,649,10565.87,Y
USG001450,U04,P_EV,2024-04-19,71732.7,617.23,1326,6378.36,Y
USG001451,U01,P_SR,2024-04-20,116344.9,788.88,820,11383.69,Y
USG001452,U01,P_EV,2024-04-20,166775.6,1324.3,4879,10181.02,Y
USG001453,U02,P_EV,2024-04-20,247568.1,1681.31,4825,12991.9,N
USG001454,U03,P_EE,2024-04-20,203092.8,1726.11,3651,8407.13,Y
USG001455,U03,P_SR,2024-04-20,143962.2,1112.53,671,6385.56,N
USG001456,U03,P_EV,2024-04-20,92447.0,996.47,1735,1999.64,Y
USG001457,U01,P_SR,2024-04-21,97014.0,598.66,1943,6914.15,Y
USG001458,U02,P_EE,2024-04-21,66994.8,736.76,2165,4099.55,Y
USG001459,U03,P_DR,2024-04-21,87132.9,744.51,3173,5605.21,Y
USG001460,U03,P_SR,2024-04-21,110857.7,920.37,4803,8276.35,N
USG001461,U04,P_EE,2024-04-21,207110.5,1416.02,1065,7637.32,Y
USG001462,U04,P_SR,2024-04-21,121320.2,1288.42,4420,8652.81,Y
USG001463,U05,P_EE,2024-04-21,225701.5,1514.11,3120,19516.2,N
USG001464,U05,P_DR,2024-04-21,234922.1,1330.69,820,23554.01,Y
USG001465,U05,P_EV,2024-04-21,197678.9,1650.59,2603,21124.13,N
USG001466,U01,P_EE,2024-04-22,58313.8,683.79,3114,6226.84,Y
USG001467,U01,P_DR,2024-04-22,84036.6,718.69,1503,9957.07,Y
USG001468,U01,P_SR,2024-04-22,181841.6,1346.73,1662,17223.53,Y
USG001469,U02,P_EE,2024-04-22,56482.9,395.98,3774,5521.19,Y
USG001470,U02,P_DR,2024-04-22,241139.8,2990.22,1147,12092.98,Y
USG001471,U02,P_SR,2024-04-22,91584.5,864.3,2226,4277.95,N
USG001472,U02,P_EV,2024-04-22,108186.3,640.86,2960,10816.16,Y
USG001473,U03,P_EE,2024-04-22,12960.9,68.56,4352,606.58,Y
USG001474,U03,P_EV,2024-04-22,48450.2,505.7,2605,3415.63,N
USG001475,U04,P_EE,2024-04-22,139398.5,1434.23,4187,8530.66,Y
USG001476,U04,P_DR,2024-04-22,127587.5,1371.15,2783,5510.74,Y
USG001477,U04,P_SR,2024-04-22,63221.7,713.97,3744,1491.08,Y
USG001478,U04,P_EV,2024-04-22,10429.3,97.68,2630,268.28,Y
USG001479,U05,P_EE,2024-04-22,224152.4,1175.22,4851,6731.87,Y
USG001480,U05,P_DR,2024-04-22,41630.2,288.51,2988,3195.98,Y
USG001481,U05,P_SR,2024-04-22,221843.9,1163.38,2960,11379.01,N
USG001482,U05,P_EV,2024-04-22,7956.6,44.1,2267,803.7,Y
USG001483,U01,P_DR,2024-04-23,68771.3,510.1,1396,5777.24,Y
USG001484,U01,P_SR,2024-04-23,204563.5,1168.87,67,24099.34,Y
USG001485,U01,P_EV,2024-04-23,232580.4,1346.29,1874,25245.52,N
USG001486,U02,P_SR,2024-04-23,218361.7,1878.88,3581,18356.92,Y
USG001487,U02,P_EV,2024-04-23,110991.4,661.73,3801,4148.33,N
USG001488,U03,P_EE,2024-04-23,13840.9,69.86,3602,1509.14,Y
USG001489,U03,P_DR,2024-04-23,15891.4,127.64,3937,1565.14,N
USG001490,U04,P_EE,2024-04-23,27641.9,202.19,1546,591.11,Y
USG001491,U04,P_SR,2024-04-23,93986.7,472.63,4729,10622.01,N
USG001492,U05,P_EE,2024-04-23,246203.8,2507.85,4803,12666.49,Y
USG001493,U05,P_DR,2024-04-23,127980.5,1056.31,3432,5433.12,Y
USG001494,U05,P_SR,2024-04-23,68716.2,655.68,1114,4273.41,Y
USG001495,U01,P_EE,2024-04-24,213565.4,1391.1,850,9471.63,N
USG001496,U01,P_SR,2024-04-24,116080.9,801.07,4132,11227.64,N
USG001497,U02,P_EE,2024-04-24,172195.5,898.47,3461,11426.55,Y
USG001498,U03,P_EE,2024-04-24,164077.9,1613.44,4994,16516.39,Y
USG001499,U04,P_DR,2024-04-24,193345.2,1075.16,1668,13931.53,Y
USG001500,U04,P_SR,2024-04-24,136297.1,1207.71,1829,13824.48,N
USG001501,U04,P_EV,2024-04-24,248655.2,1591.39,1628,21752.61,Y
USG001502,U05,P_EE,2024-04-24,100797.1,737.19,3258,4799.7,Y
USG001503,U05,P_DR,2024-04-24,57585.4,707.91,2744,5471.39,Y
USG001504,U05,P_SR,2024-04-24,209465.1,1543.35,740,14974.24,Y
USG001505,U01,P_EE,2024-04-25,241084.3,1221.99,3555,27434.42,N
USG001506,U01,P_DR,2024-04-25,43226.5,370.27,2143,2673.46,N
USG001507,U02,P_EE,2024-04-25,218287.7,1490.25,905,24368.35,Y
USG001508,U02,P_DR,2024-04-25,147435.2,1301.89,77,6643.58,Y
USG001509,U02,P_SR,2024-04-25,225949.8,1867.86,99,13861.35,Y
USG001510,U03,P_EE,2024-04-25,17126.0,87.31,1184,875.39,N
USG001511,U03,P_SR,2024-04-25,239696.1,1289.92,3603,13308.05,Y
USG001512,U03,P_EV,2024-04-25,60203.5,581.46,4012,3764.75,Y
USG001513,U04,P_EE,2024-04-25,221982.3,1265.37,478,15093.66,N
USG001514,U04,P_DR,2024-04-25,46869.3,502.37,4584,1750.9,Y
USG001515,U04,P_SR,2024-04-25,191067.5,1010.26,1580,20664.24,Y
USG001516,U04,P_EV,2024-04-25,13572.0,98.69,278,800.76,Y
USG001517,U05,P_DR,2024-04-25,211905.1,1885.72,2355,4567.25,Y
USG001518,U01,P_EE,2024-04-26,180045.8,1176.98,3141,21347.0,Y
USG001519,U01,P_EV,2024-04-26,70328.5,470.36,3715,3890.39,N
USG001520,U02,P_EE,2024-04-26,44642.9,225.01,793,2787.05,N
USG001521,U02,P_DR,2024-04-26,12160.2,103.74,3470,313.77,Y
USG001522,U02,P_SR,2024-04-26,137716.8,1526.81,762,5308.52,Y
USG001523,U02,P_EV,2024-04-26,55575.3,338.45,4878,5816.63,Y
USG001524,U03,P_EE,2024-04-26,39879.4,452.36,1088,1466.37,Y
USG001525,U03,P_DR,2024-04-26,70899.7,610.36,254,4254.82,Y
USG001526,U03,P_SR,2024-04-26,33850.5,383.59,2599,3062.44,Y
USG001527,U03,P_EV,2024-04-26,52193.2,574.66,1399,5725.98,N
USG001528,U04,P_EE,2024-04-26,226746.3,2197.39,2950,26087.79,Y
USG001529,U04,P_DR,2024-04-26,224109.2,1593.28,1656,11797.96,Y
USG001530,U04,P_SR,2024-04-26,233579.2,2378.92,2330,14882.17,Y
USG001531,U04,P_EV,2024-04-26,55787.5,304.01,4716,4403.73,Y
USG001532,U05,P_EE,2024-04-26,16555.5,141.57,3039,980.19,N
USG001533,U01,P_DR,2024-04-27,32065.5,164.97,2714,999.33,Y
USG001534,U01,P_EV,2024-04-27,121847.3,1142.89,1651,7524.21,Y
USG001535,U02,P_EE,2024-04-27,105933.6,594.87,3126,9268.97,N
USG001536,U02,P_SR,2024-04-27,92507.5,872.5,1854,11007.41,Y
USG001537,U03,P_EE,2024-04-27,31445.4,157.64,1343,1771.6,Y
USG001538,U03,P_DR,2024-04-27,153736.9,814.09,231,10577.0,Y
USG001539,U03,P_SR,2024-04-27,163211.1,2037.83,626,12866.73,N
USG001540,U04,P_DR,2024-04-27,107820.9,964.25,1551,7361.04,Y
USG001541,U04,P_EV,2024-04-27,141482.8,814.83,267,8802.6,Y
USG001542,U05,P_DR,2024-04-27,226393.3,1474.97,269,26218.85,Y
USG001543,U05,P_SR,2024-04-27,63905.9,365.94,1520,6983.11,Y
USG001544,U05,P_EV,2024-04-27,201083.5,1341.76,4302,19784.19,N
USG001545,U01,P_EE,2024-04-28,63666.9,364.34,4556,5111.98,Y
USG001546,U01,P_DR,2024-04-28,181120.7,1575.41,245,21678.41,N
USG001547,U01,P_SR,2024-04-28,189505.4,1406.98,2765,5697.94,N
USG001548,U01,P_EV,2024-04-28,95863.7,776.15,898,3016.17,N
USG001549,U02,P_EE,2024-04-28,143493.3,1578.96,365,4103.9,N
USG001550,U02,P_SR,2024-04-28,70022.4,802.93,614,5964.67,N
USG001551,U03,P_SR,2024-04-28,227357.1,1609.04,1155,13868.73,N
USG001552,U04,P_EE,2024-04-28,60580.8,483.72,4077,4830.98,Y
USG001553,U04,P_DR,2024-04-28,74447.3,443.52,998,8718.33,N
USG001554,U04,P_EV,2024-04-28,26832.3,227.31,2550,3067.4,Y
USG001555,U05,P_EE,2024-04-28,56923.5,414.24,2287,6001.38,Y
USG001556,U05,P_DR,2024-04-28,17974.0,194.86,1353,716.09,Y
USG001557,U05,P_SR,2024-04-28,121167.7,606.5,418,6365.44,Y
USG001558,U01,P_EE,2024-04-29,205017.3,1696.9,2257,12292.31,Y
USG001559,U01,P_DR,2024-04-29,87398.9,874.04,3460,9825.54,Y
USG001560,U01,P_SR,2024-04-29,219995.3,1317.71,183,25015.53,Y
USG001561,U01,P_EV,2024-04-29,129957.6,825.06,4654,10997.64,Y
USG001562,U02,P_EE,2024-04-29,107201.6,552.56,3173,11505.35,N
USG001563,U02,P_DR,2024-04-29,76806.9,801.99,140,4827.26,Y
USG001564,U02,P_SR,2024-04-29,242777.7,2250.47,1698,18659.06,Y
USG001565,U02,P_EV,2024-04-29,77778.2,596.35,3845,8602.78,Y
USG001566,U03,P_EE,2024-04-29,249671.6,1307.89,2254,18604.48,Y
USG001567,U03,P_DR,2024-04-29,59180.0,418.93,1849,1979.5,Y
USG001568,U03,P_EV,2024-04-29,66829.2,402.24,3892,2888.3,Y
USG001569,U04,P_DR,2024-04-29,64696.0,534.56,4585,2848.65,Y
USG001570,U04,P_SR,2024-04-29,126825.5,1474.12,404,13224.93,N
USG001571,U04,P_EV,2024-04-29,93623.2,486.09,4442,6214.66,Y
USG001572,U05,P_DR,2024-04-29,204516.7,1298.38,1067,7159.18,N
USG001573,U05,P_EV,2024-04-29,53675.3,339.67,3971,6118.18,Y
USG001574,U01,P_DR,2024-04-30,60808.2,626.98,1473,6357.13,Y
USG001575,U01,P_SR,2024-04-30,111778.1,1190.81,2114,7132.12,Y
USG001576,U01,P_EV,2024-04-30,85246.6,530.07,4508,9325.16,Y
USG001577,U02,P_EE,2024-04-30,8332.3,95.36,2776,730.79,Y
USG001578,U02,P_DR,2024-04-30,107050.6,756.25,1062,2664.35,Y
USG001579,U03,P_EE,2024-04-30,38934.8,265.79,4765,1020.08,Y
USG001580,U03,P_DR,2024-04-30,31192.2,246.47,2059,2323.3,Y
USG001581,U03,P_SR,2024-04-30,153325.2,1691.33,3423,10540.94,Y
USG001582,U03,P_EV,2024-04-30,23045.6,189.99,2899,997.03,Y
USG001583,U04,P_EE,2024-04-30,53801.1,354.96,4455,5758.51,Y
USG001584,U04,P_DR,2024-04-30,58121.1,375.33,3620,1367.18,N
USG001585,U04,P_EV,2024-04-30,110441.2,562.89,3024,10964.98,Y
USG001586,U05,P_SR,2024-04-30,234285.9,1283.64,1218,25687.03,Y
USG001587,U05,P_EV,2024-04-30,229175.2,1423.6,4062,11248.53,Y
USG001588,U01,P_DR,2024-05-01,39320.5,235.64,3842,2418.69,Y
USG001589,U01,P_SR,2024-05-01,204975.3,1498.13,1170,20237.12,Y
USG001590,U01,P_EV,2024-05-01,18626.1,209.16,1943,2154.63,Y
USG001591,U02,P_EE,2024-05-01,177084.0,1552.13,2443,19963.44,N
USG001592,U02,P_DR,2024-05-01,116760.2,833.02,275,5947.92,Y
USG001593,U02,P_EV,2024-05-01,104022.0,605.92,1363,8847.16,Y
USG001594,U03,P_EE,2024-05-01,80723.9,918.66,3459,5403.47,Y
USG001595,U03,P_EV,2024-05-01,93173.6,476.76,3610,3709.62,Y
USG001596,U04,P_DR,2024-05-01,111455.9,630.32,3282,10019.19,Y
USG001597,U04,P_SR,2024-05-01,233387.5,1497.52,4753,15540.6,N
USG001598,U04,P_EV,2024-05-01,17112.3,197.13,574,1224.76,N
USG001599,U05,P_EE,2024-05-01,37596.1,272.5,3166,2543.8,Y
USG001600,U05,P_EV,2024-05-01,22182.0,147.82,3037,2442.83,Y
USG001601,U01,P_DR,2024-05-02,55144.7,581.79,535,2097.13,Y
USG001602,U01,P_EV,2024-05-02,130931.6,709.26,970,9198.97,Y
USG001603,U02,P_EE,2024-05-02,58075.6,328.8,927,4671.07,Y
USG001604,U02,P_SR,2024-05-02,144409.4,1805.11,2137,17038.22,N
USG001605,U02,P_EV,2024-05-02,55159.3,457.91,3532,5723.65,Y
USG001606,U03,P_EE,2024-05-02,39738.1,212.35,1947,2267.0,N
USG001607,U03,P_DR,2024-05-02,236275.3,1796.33,3305,18755.47,Y
USG001608,U03,P_SR,2024-05-02,70891.2,563.96,4541,1969.96,Y
USG001609,U04,P_EE,2024-05-02,147908.3,1104.15,1029,11434.07,N
USG001610,U04,P_SR,2024-05-02,99433.6,1182.9,2741,11417.59,Y
USG001611,U05,P_EE,2024-05-02,206392.9,1986.28,2085,14149.36,N
USG001612,U05,P_SR,2024-05-02,22665.8,115.22,4570,1257.74,Y
USG001613,U05,P_EV,2024-05-02,151471.8,965.1,2059,8492.09,Y
USG001614,U01,P_DR,2024-05-03,244412.4,1254.51,4704,12259.34,Y
USG001615,U01,P_EV,2024-05-03,25876.4,159.53,175,2070.84,Y
USG001616,U02,P_EE,2024-05-03,65764.8,360.73,1589,7446.45,N
USG001617,U02,P_DR,2024-05-03,10139.6,86.75,3395,579.16,Y
USG001618,U02,P_SR,2024-05-03,155426.7,848.02,4139,13907.22,Y
USG001619,U02,P_EV,2024-05-03,153400.8,813.35,3455,11442.08,Y
USG001620,U03,P_DR,2024-05-03,221654.2,2437.16,3695,12908.54,Y
USG001621,U03,P_SR,2024-05-03,11403.5,91.08,3641,898.74,Y
USG001622,U04,P_EE,2024-05-03,16158.9,94.45,2369,507.04,Y
USG001623,U04,P_DR,2024-05-03,201334.5,1168.5,1469,16065.35,Y
USG001624,U04,P_SR,2024-05-03,142750.4,1249.27,3348,11615.84,Y
USG001625,U04,P_EV,2024-05-03,188674.9,1069.8,2306,21635.12,Y
USG001626,U05,P_EE,2024-05-03,18999.7,113.61,2873,1186.55,Y
USG001627,U05,P_DR,2024-05-03,61155.1,647.31,3525,1292.02,Y
USG001628,U05,P_SR,2024-05-03,17606.5,101.54,2236,973.05,Y
USG001629,U05,P_EV,2024-05-03,203190.0,2513.56,3057,15770.99,Y
USG001630,U01,P_DR,2024-05-04,40294.8,357.36,785,1389.96,Y
USG001631,U01,P_SR,2024-05-04,179142.7,1285.76,2857,10133.29,N
USG001632,U02,P_EE,2024-05-04,84843.9,570.28,4666,2645.03,N
USG001633,U02,P_SR,2024-05-04,131271.5,949.85,3130,14636.9,Y
USG001634,U02,P_EV,2024-05-04,42272.7,332.56,739,3549.3,Y
USG001635,U03,P_DR,2024-05-04,117855.2,690.86,228,10244.06,Y
USG001636,U03,P_SR,2024-05-04,156550.2,801.02,3286,8568.24,Y
USG001637,U04,P_EE,2024-05-04,130985.3,977.25,2923,14994.32,N
USG001638,U04,P_DR,2024-05-04,77449.7,639.55,2944,3993.32,Y
USG001639,U04,P_SR,2024-05-04,175688.3,1042.06,210,10120.47,Y
USG001640,U05,P_EE,2024-05-04,64416.3,412.88,4497,5631.04,Y
USG001641,U01,P_DR,2024-05-05,131607.4,855.48,119,11488.64,Y
USG001642,U01,P_SR,2024-05-05,140223.1,914.04,3315,13113.18,N
USG001643,U01,P_EV,2024-05-05,195591.3,990.51,3496,9887.2,Y
USG001644,U02,P_DR,2024-05-05,198191.2,1093.67,2382,16583.14,Y
USG001645,U02,P_EV,2024-05-05,17993.1,178.21,3293,1116.73,N
USG001646,U03,P_EE,2024-05-05,75275.4,439.02,2198,5603.8,Y
USG001647,U03,P_DR,2024-05-05,219646.5,1546.96,2006,21966.04,Y
USG001648,U03,P_SR,2024-05-05,77791.0,472.93,4151,7397.08,Y
USG001649,U03,P_EV,2024-05-05,123516.9,1086.45,191,5110.73,Y
USG001650,U04,P_EE,2024-05-05,42476.3,213.24,2123,1358.05,Y
USG001651,U04,P_DR,2024-05-05,51946.1,306.81,3970,2357.87,N
USG001652,U04,P_EV,2024-05-05,93100.6,875.05,2959,6358.91,Y
USG001653,U05,P_EE,2024-05-05,234965.1,1669.03,4127,14851.47,Y
USG001654,U05,P_DR,2024-05-05,23099.2,161.86,2749,1763.26,Y
USG001655,U05,P_EV,2024-05-05,187904.5,2135.73,3029,7004.69,Y
USG001656,U01,P_EE,2024-05-06,98840.4,727.33,2029,9299.76,Y
USG001657,U01,P_DR,2024-05-06,47304.7,433.56,446,5019.84,Y
USG001658,U01,P_SR,2024-05-06,98949.9,1020.31,262,4677.61,Y
USG001659,U02,P_EE,2024-05-06,174395.2,953.12,3758,5602.32,Y
USG001660,U02,P_SR,2024-05-06,249909.3,2081.43,4998,10461.51,Y
USG001661,U02,P_EV,2024-05-06,160206.0,1228.76,4841,6123.38,Y
USG001662,U03,P_EE,2024-05-06,144450.2,1092.74,3374,7252.77,N
USG001663,U04,P_EE,2024-05-06,129542.0,1203.29,4839,4639.77,Y
USG001664,U04,P_SR,2024-05-06,232798.4,1410.86,4105,17550.63,Y
USG001665,U05,P_EE,2024-05-06,136493.4,975.97,2139,11726.37,Y
USG001666,U05,P_DR,2024-05-06,233986.0,1190.94,2150,12909.78,Y
USG001667,U05,P_SR,2024-05-06,56487.4,567.26,1238,4720.06,N
USG001668,U05,P_EV,2024-05-06,58675.8,676.38,4332,6146.77,Y
USG001669,U01,P_EE,2024-05-07,144306.1,1032.91,3178,9311.8,Y
USG001670,U01,P_DR,2024-05-07,15797.3,126.96,472,517.05,Y
USG001671,U01,P_EV,2024-05-07,113554.5,739.74,1867,8343.02,Y
USG001672,U02,P_EE,2024-05-07,126064.0,1427.08,4113,10803.86,Y
USG001673,U02,P_DR,2024-05-07,189266.4,1103.72,1827,4006.4,Y
USG001674,U02,P_EV,2024-05-07,109802.4,566.78,4671,8038.15,Y
USG001675,U03,P_EE,2024-05-07,168092.6,2029.79,1690,18630.46,N
USG001676,U03,P_SR,2024-05-07,50687.9,439.68,3189,4937.03,Y
USG001677,U03,P_EV,2024-05-07,83103.1,426.5,981,7909.97,Y
USG001678,U04,P_EE,2024-05-07,129043.1,1530.27,4498,9600.93,Y
USG001679,U04,P_DR,2024-05-07,151346.4,1143.36,671,15983.56,Y
USG001680,U01,P_EV,2024-05-08,76145.1,704.2,1511,4218.1,Y
USG001681,U02,P_EE,2024-05-08,171870.3,1336.54,487,12776.86,Y
USG001682,U02,P_DR,2024-05-08,149479.2,1017.5,1859,4524.43,N
USG001683,U02,P_SR,2024-05-08,29150.1,207.92,249,1855.47,Y
USG001684,U02,P_EV,2024-05-08,180215.0,1537.57,3465,20674.56,N
USG001685,U03,P_EE,2024-05-08,162321.4,1362.1,3190,9782.67,Y
USG001686,U03,P_DR,2024-05-08,222416.4,1421.3,4625,15356.69,Y
USG001687,U03,P_SR,2024-05-08,187454.9,1525.96,108,9380.95,N
USG001688,U04,P_EE,2024-05-08,147899.0,846.7,74,14239.98,Y
USG001689,U04,P_DR,2024-05-08,141122.2,1516.34,2684,14312.19,Y
USG001690,U04,P_EV,2024-05-08,217614.9,1263.47,2801,23739.53,Y
USG001691,U05,P_EE,2024-05-08,232593.4,1421.11,4951,19519.94,Y
USG001692,U05,P_DR,2024-05-08,72805.3,705.44,3199,8102.62,Y
USG001693,U05,P_EV,2024-05-08,132820.6,824.31,1396,12189.93,N
USG001694,U01,P_EE,2024-05-09,75899.1,463.84,2606,2541.45,N
USG001695,U01,P_SR,2024-05-09,222239.2,1158.19,3187,25216.29,N
USG001696,U02,P_EE,2024-05-09,219051.0,1372.48,2811,18264.85,Y
USG001697,U02,P_DR,2024-05-09,233189.6,2234.14,1192,24513.92,N
USG001698,U02,P_SR,2024-05-09,213708.5,1104.99,4849,9194.77,N
USG001699,U02,P_EV,2024-05-09,218631.2,2283.11,4791,14751.09,Y
USG001700,U03,P_SR,2024-05-09,8651.8,58.08,1230,436.18,N
USG001701,U04,P_DR,2024-05-09,241777.7,2079.29,2799,25777.32,Y
USG001702,U04,P_SR,2024-05-09,116399.5,816.62,4656,12201.33,Y
USG001703,U04,P_EV,2024-05-09,101148.7,633.65,2199,2399.45,N
USG001704,U05,P_EE,2024-05-09,214423.6,2583.59,65,13229.99,N
USG001705,U05,P_SR,2024-05-09,20166.4,107.08,2639,543.11,Y
USG001706,U01,P_EE,2024-05-10,145480.8,1636.83,3564,15366.25,Y
USG001707,U01,P_SR,2024-05-10,9140.2,63.55,3485,332.21,N
USG001708,U01,P_EV,2024-05-10,26549.5,281.64,2756,1528.49,Y
USG001709,U02,P_EE,2024-05-10,41876.5,239.37,2090,4661.81,Y
USG001710,U02,P_EV,2024-05-10,241552.6,1889.58,2209,20499.05,N
USG001711,U03,P_DR,2024-05-10,9024.4,50.02,982,198.64,Y
USG001712,U03,P_SR,2024-05-10,137044.2,1622.45,4427,4304.27,N
USG001713,U03,P_EV,2024-05-10,221822.6,1647.22,1752,9935.11,N
USG001714,U04,P_EE,2024-05-10,5351.4,45.86,2702,249.63,Y
USG001715,U04,P_DR,2024-05-10,40373.8,451.16,415,2289.57,Y
USG001716,U04,P_SR,2024-05-10,93199.1,814.51,3469,9809.43,Y
USG001717,U05,P_SR,2024-05-10,54123.5,398.28,3607,2030.66,Y
USG001718,U05,P_EV,2024-05-10,67311.7,444.84,4091,2703.71,Y
USG001719,U01,P_SR,2024-05-11,204143.1,1257.5,4750,21082.54,Y
USG001720,U01,P_EV,2024-05-11,135466.3,1314.69,1672,3893.28,N
USG001721,U02,P_DR,2024-05-11,127856.3,811.15,2242,3230.16,Y
USG001722,U02,P_SR,2024-05-11,51230.3,319.45,1912,1135.13,Y
USG001723,U02,P_EV,2024-05-11,59484.9,547.78,4837,4737.28,N
USG001724,U03,P_DR,2024-05-11,57895.4,299.12,3661,2962.93,Y
USG001725,U03,P_EV,2024-05-11,110460.2,749.91,4124,7111.93,Y
USG001726,U04,P_EE,2024-05-11,232105.9,2381.25,2326,5998.92,Y
USG001727,U05,P_DR,2024-05-11,159994.2,1476.53,3384,9702.8,Y
USG001728,U05,P_SR,2024-05-11,140372.1,1501.95,3664,14801.55,Y
USG001729,U05,P_EV,2024-05-11,242431.7,1525.07,3179,21540.68,Y
USG001730,U01,P_EE,2024-05-12,65890.3,447.52,4464,6381.96,N
USG001731,U01,P_SR,2024-05-12,219814.9,1773.05,3524,8657.76,Y
USG001732,U01,P_EV,2024-05-12,81265.4,409.91,777,7066.53,Y
USG001733,U02,P_SR,2024-05-12,14859.1,76.26,586,481.53,Y
USG001734,U02,P_EV,2024-05-12,41780.0,369.18,3909,1262.07,Y
USG001735,U03,P_EE,2024-05-12,32392.8,184.1,596,1858.63,Y
USG001736,U03,P_DR,2024-05-12,49732.4,267.03,223,4451.31,Y
USG001737,U03,P_SR,2024-05-12,191612.8,1367.61,564,22610.33,Y
USG001738,U03,P_EV,2024-05-12,198048.2,1211.82,2531,20975.6,Y
USG001739,U05,P_EE,2024-05-12,113648.7,709.66,4334,10118.59,Y
USG001740,U05,P_SR,2024-05-12,244327.8,2214.17,805,11684.79,Y
USG001741,U05,P_EV,2024-05-12,51174.3,274.3,2789,4204.81,Y
USG001742,U01,P_EE,2024-05-13,61743.7,518.55,2652,6773.68,Y
USG001743,U01,P_DR,2024-05-13,169598.1,1582.9,2763,8510.07,Y
USG001744,U01,P_SR,2024-05-13,174317.7,978.86,4150,6419.5,Y
USG001745,U01,P_EV,2024-05-13,143285.5,1164.78,2543,13401.12,N
USG001746,U02,P_DR,2024-05-13,190084.3,1168.4,1528,15412.11,Y
USG001747,U02,P_SR,2024-05-13,35680.8,208.15,4506,1881.33,Y
USG001748,U03,P_DR,2024-05-13,240534.8,2625.19,1339,21902.94,N
USG001749,U03,P_EV,2024-05-13,76119.7,813.23,767,5144.83,Y
USG001750,U04,P_EV,2024-05-13,165756.2,899.21,838,16850.38,N
USG001751,U05,P_EE,2024-05-13,153254.9,1247.84,4813,10628.94,N
USG001752,U05,P_DR,2024-05-13,232416.3,1174.07,791,15263.68,Y
USG001753,U05,P_SR,2024-05-13,235088.0,2905.18,2461,18567.82,N
USG001754,U01,P_EE,2024-05-14,138509.2,1013.07,348,5352.45,N
USG001755,U01,P_DR,2024-05-14,26562.9,136.5,1266,2748.81,Y
USG001756,U01,P_SR,2024-05-14,185620.1,1246.95,2910,14102.92,Y
USG001757,U01,P_EV,2024-05-14,216320.3,1312.1,3049,10999.21,N
USG001758,U02,P_EE,2024-05-14,139631.3,1144.49,2894,10057.1,Y
USG001759,U02,P_DR,2024-05-14,173041.6,974.24,2034,8627.15,Y
USG001760,U02,P_SR,2024-05-14,169728.1,1740.94,4762,14207.62,Y
USG001761,U03,P_DR,2024-05-14,28854.2,144.8,2825,1389.67,N
USG001762,U03,P_SR,2024-05-14,245575.7,2022.09,3021,8639.19,Y
USG001763,U03,P_EV,2024-05-14,12049.3,141.2,345,1374.53,N
USG001764,U04,P_EE,2024-05-14,168503.7,1471.05,4712,9445.04,N
USG001765,U04,P_DR,2024-05-14,63502.0,463.26,1435,2224.08,N
USG001766,U04,P_SR,2024-05-14,93191.2,824.53,554,9214.45,Y
USG001767,U04,P_EV,2024-05-14,190271.8,1134.02,1784,9653.01,Y
USG001768,U05,P_EE,2024-05-14,131327.0,673.5,3427,14427.53,Y
USG001769,U05,P_DR,2024-05-14,47429.6,283.55,1818,2107.42,Y
USG001770,U05,P_EV,2024-05-14,230263.9,1871.49,2719,9861.85,Y
USG001771,U01,P_EE,2024-05-15,201185.5,1143.0,3917,10960.59,Y
USG001772,U01,P_DR,2024-05-15,192006.1,1110.79,1566,5267.89,Y
USG001773,U01,P_SR,2024-05-15,116582.3,737.12,190,7704.5,Y
USG001774,U01,P_EV,2024-05-15,31188.9,179.79,4522,1557.4,N
USG001775,U02,P_DR,2024-05-15,113202.7,1129.82,4117,13269.39,Y
USG001776,U03,P_DR,2024-05-15,202296.4,1183.29,4440,24243.95,Y
USG001777,U03,P_SR,2024-05-15,189625.5,1122.94,3380,16436.8,Y
USG001778,U03,P_EV,2024-05-15,182860.6,1488.77,442,8835.63,Y
USG001779,U04,P_DR,2024-05-15,202998.4,1274.97,4896,14461.95,N
USG001780,U04,P_SR,2024-05-15,39044.5,224.04,2217,3351.75,Y
USG001781,U05,P_EV,2024-05-15,124940.0,873.99,1842,12974.71,Y
USG001782,U01,P_DR,2024-05-16,229442.5,2328.76,2432,12976.37,N
USG001783,U02,P_DR,2024-05-16,150266.0,1068.38,1750,13529.56,N
USG001784,U02,P_SR,2024-05-16,67493.5,411.53,3116,4949.77,Y
USG001785,U03,P_DR,2024-05-16,65023.9,808.26,1774,7425.71,Y
USG001786,U03,P_SR,2024-05-16,228542.4,2145.04,4896,17868.87,N
USG001787,U04,P_DR,2024-05-16,135574.8,895.04,414,13329.45,Y
USG001788,U04,P_EV,2024-05-16,117688.9,943.43,3470,9398.02,Y
USG001789,U05,P_EE,2024-05-16,134061.1,1158.1,4514,4341.74,N
USG001790,U05,P_DR,2024-05-16,193563.8,1120.93,3390,8698.55,Y
USG001791,U05,P_SR,2024-05-16,88448.9,513.39,1348,5472.3,Y
USG001792,U01,P_EE,2024-05-17,230639.0,1826.97,4608,20514.28,N
USG001793,U01,P_SR,2024-05-17,39083.0,217.82,3249,3160.88,Y
USG001794,U01,P_EV,2024-05-17,172118.0,1054.9,4437,10564.06,N
USG001795,U02,P_EE,2024-05-17,189929.3,1085.86,2945,17004.82,N
USG001796,U02,P_DR,2024-05-17,10149.4,81.2,869,1109.14,N
USG001797,U02,P_EV,2024-05-17,186706.3,2108.79,1041,9111.69,N
USG001798,U03,P_EE,2024-05-17,234585.6,1526.0,3933,23907.57,Y
USG001799,U03,P_DR,2024-05-17,88343.9,899.08,218,4864.45,Y
USG001800,U03,P_SR,2024-05-17,183774.3,1361.08,1272,11724.54,Y
USG001801,U04,P_EE,2024-05-17,120328.4,963.59,3089,12997.91,N
USG001802,U04,P_DR,2024-05-17,238344.6,1312.98,951,23491.43,Y
USG001803,U05,P_EE,2024-05-17,163763.5,1683.58,842,5883.8,Y
USG001804,U05,P_DR,2024-05-17,138124.9,1165.84,2098,12481.84,Y
USG001805,U05,P_SR,2024-05-17,150069.8,1059.18,4690,11264.35,Y
USG001806,U01,P_EE,2024-05-18,135729.4,1002.92,3372,7788.08,Y
USG001807,U01,P_DR,2024-05-18,248179.1,2471.39,3311,15079.14,Y
USG001808,U01,P_SR,2024-05-18,7654.5,52.65,1975,169.85,Y
USG001809,U01,P_EV,2024-05-18,180193.9,974.63,1571,14928.23,N
USG001810,U02,P_EE,2024-05-18,59968.6,330.25,3465,2251.29,N
USG001811,U02,P_DR,2024-05-18,217680.6,1594.88,3424,5049.23,Y
USG001812,U02,P_SR,2024-05-18,207518.8,1969.85,55,20200.2,Y
USG001813,U02,P_EV,2024-05-18,30991.5,224.22,3242,2938.53,Y
USG001814,U03,P_EE,2024-05-18,229806.0,1441.11,1142,12277.44,Y
USG001815,U03,P_DR,2024-05-18,63543.8,436.27,1893,6572.27,Y
USG001816,U04,P_EE,2024-05-18,37435.3,408.41,2802,3263.12,Y
USG001817,U04,P_DR,2024-05-18,157313.3,1509.64,1740,4929.23,Y
USG001818,U04,P_EV,2024-05-18,226058.6,2420.03,2384,24306.06,Y
USG001819,U05,P_EE,2024-05-18,37001.7,225.56,4149,3378.33,N
USG001820,U05,P_DR,2024-05-18,132991.3,818.57,3851,11178.78,Y
USG001821,U05,P_SR,2024-05-18,14819.6,114.36,4989,1452.18,Y
USG001822,U01,P_DR,2024-05-19,104975.1,696.6,291,10166.11,Y
USG001823,U01,P_EV,2024-05-19,141055.7,759.49,875,5529.2,N
USG001824,U02,P_EE,2024-05-19,192294.7,999.14,524,17309.23,Y
USG001825,U02,P_DR,2024-05-19,100713.0,530.24,413,12072.91,Y
USG001826,U02,P_SR,2024-05-19,62901.5,340.24,2688,7259.72,Y
USG001827,U02,P_EV,2024-05-19,182048.6,1079.02,2017,9992.4,Y
USG001828,U03,P_EE,2024-05-19,86047.6,674.93,3325,5690.83,Y
USG001829,U03,P_DR,2024-05-19,235887.4,1807.69,183,20484.55,Y
USG001830,U03,P_SR,2024-05-19,77241.6,700.81,1213,6447.73,Y
USG001831,U04,P_EE,2024-05-19,12996.3,141.14,3659,929.34,Y
USG001832,U04,P_DR,2024-05-19,143429.2,1492.33,2308,14786.92,Y
USG001833,U05,P_EE,2024-05-19,222482.7,2263.52,3846,12343.59,Y
USG001834,U05,P_DR,2024-05-19,57503.2,458.93,3637,2055.85,Y
USG001835,U05,P_EV,2024-05-19,196315.3,1762.58,3325,15162.96,Y
USG001836,U01,P_EE,2024-05-20,158540.0,1374.77,2924,4389.44,N
USG001837,U01,P_DR,2024-05-20,25892.8,222.71,142,628.47,Y
USG001838,U01,P_EV,2024-05-20,77854.9,450.13,3473,6708.85,Y
USG001839,U02,P_EE,2024-05-20,223679.1,1671.18,1456,11653.57,Y
USG001840,U02,P_DR,2024-05-20,155990.6,1914.06,484,5807.97,N
USG001841,U02,P_EV,2024-05-20,161521.4,1113.09,2639,10376.43,Y
USG001842,U03,P_EE,2024-05-20,18087.0,213.46,898,919.91,N
USG001843,U03,P_DR,2024-05-20,193708.5,2071.61,4044,9103.99,Y
USG001844,U03,P_SR,2024-05-20,117533.0,636.72,1362,14102.61,Y
USG001845,U03,P_EV,2024-05-20,168873.3,1793.6,1310,18009.4,Y
USG001846,U04,P_SR,2024-05-20,189940.0,1420.12,451,17416.37,Y
USG001847,U05,P_EE,2024-05-20,6876.3,36.65,2599,605.47,Y
USG001848,U05,P_SR,2024-05-20,164247.3,822.31,1531,17820.04,Y
USG001849,U05,P_EV,2024-05-20,93431.7,478.16,4218,2663.37,Y
USG001850,U01,P_SR,2024-05-21,37894.2,235.14,1874,1255.69,Y
USG001851,U02,P_DR,2024-05-21,235835.1,1213.04,885,20764.81,N
USG001852,U02,P_SR,2024-05-21,132334.0,1035.25,424,3855.43,Y
USG001853,U03,P_EE,2024-05-21,232164.8,1279.49,3607,12089.95,N
USG001854,U03,P_DR,2024-05-21,130263.4,1014.77,2974,6127.52,Y
USG001855,U04,P_DR,2024-05-21,111561.0,721.4,3466,7106.22,Y
USG001856,U04,P_SR,2024-05-21,66768.4,334.74,4932,6300.32,Y
USG001857,U05,P_DR,2024-05-21,154778.9,1328.28,1880,6208.73,Y
USG001858,U05,P_SR,2024-05-21,233734.8,1323.41,3470,22692.23,Y
USG001859,U05,P_EV,2024-05-21,66072.4,813.92,3511,5994.25,Y
USG001860,U01,P_DR,2024-05-22,84794.3,598.0,3962,2661.14,Y
USG001861,U01,P_SR,2024-05-22,82283.0,906.66,4479,3734.45,Y
USG001862,U01,P_EV,2024-05-22,16268.8,125.94,3296,1852.79,Y
USG001863,U02,P_EE,2024-05-22,157160.7,1286.43,3205,16698.13,N
USG001864,U02,P_EV,2024-05-22,162947.1,1186.04,4401,8461.45,Y
USG001865,U03,P_SR,2024-05-22,148214.9,1162.71,2735,4994.86,N
USG001866,U03,P_EV,2024-05-22,243726.7,1236.11,3849,17021.85,Y
USG001867,U04,P_DR,2024-05-22,143092.6,1077.59,1978,14990.56,Y
USG001868,U04,P_SR,2024-05-22,12970.4,148.54,2312,629.61,Y
USG001869,U04,P_EV,2024-05-22,95589.2,577.51,4477,9505.82,Y
USG001870,U01,P_EE,2024-05-23,13178.7,134.51,769,1244.07,N
USG001871,U01,P_DR,2024-05-23,143579.4,893.18,1520,5627.06,Y
USG001872,U02,P_DR,2024-05-23,94482.5,1113.63,4982,5408.63,Y
USG001873,U02,P_SR,2024-05-23,217806.3,1326.93,464,16801.66,Y
USG001874,U03,P_EE,2024-05-23,208025.1,2004.39,491,20009.68,Y
USG001875,U03,P_EV,2024-05-23,185320.7,1515.76,3904,5666.21,Y
USG001876,U04,P_DR,2024-05-23,135510.3,1437.17,2078,5556.73,Y
USG001877,U04,P_EV,2024-05-23,121048.0,1093.5,202,14407.99,Y
USG001878,U05,P_DR,2024-05-23,239407.9,1367.07,3200,20686.44,Y
USG001879,U05,P_SR,2024-05-23,171497.8,1032.95,4072,14848.77,Y
USG001880,U05,P_EV,2024-05-23,117630.3,740.22,1274,13942.12,Y
USG001881,U01,P_EE,2024-05-24,153578.0,1264.89,4705,9920.36,Y
USG001882,U01,P_SR,2024-05-24,53441.9,442.78,910,3249.57,N
USG001883,U02,P_EE,2024-05-24,68413.6,571.61,1948,5872.47,Y
USG001884,U02,P_SR,2024-05-24,180238.1,1638.98,3743,13141.78,N
USG001885,U02,P_EV,2024-05-24,203173.7,2209.46,3253,16691.87,N
USG001886,U03,P_EE,2024-05-24,196377.3,988.64,2169,5696.57,Y
USG001887,U03,P_EV,2024-05-24,204037.6,1033.89,4135,6069.29,Y
USG001888,U04,P_EE,2024-05-24,83140.8,701.02,1771,6746.79,Y
USG001889,U04,P_DR,2024-05-24,201194.6,1609.41,4711,22412.29,Y
USG001890,U04,P_SR,2024-05-24,219310.0,2505.69,2257,8807.65,Y
USG001891,U05,P_EE,2024-05-24,97089.3,1050.69,108,11607.99,Y
USG001892,U05,P_SR,2024-05-24,91667.4,648.08,1558,10135.41,N
USG001893,U05,P_EV,2024-05-24,28971.9,185.17,1192,628.3,N
USG001894,U01,P_EE,2024-05-25,63074.0,634.41,3118,2265.79,Y
USG001895,U02,P_EE,2024-05-25,42987.0,470.27,3317,4950.36,Y
USG001896,U02,P_DR,2024-05-25,185542.8,966.98,1080,9435.81,Y
USG001897,U02,P_SR,2024-05-25,148324.2,818.2,3987,9522.6,Y
USG001898,U02,P_EV,2024-05-25,155136.4,796.98,2647,7358.63,Y
USG001899,U03,P_EE,2024-05-25,194307.4,1025.26,456,19884.86,Y
USG001900,U03,P_DR,2024-05-25,168803.5,1161.59,220,19396.14,Y
USG001901,U03,P_SR,2024-05-25,210408.3,1072.65,4543,12528.05,Y
USG001902,U04,P_SR,2024-05-25,196043.9,1228.93,4666,9518.51,Y
USG001903,U04,P_EV,2024-05-25,210372.9,2292.67,189,11039.89,Y
USG001904,U05,P_EE,2024-05-25,38647.8,199.14,387,1223.73,N
USG001905,U05,P_DR,2024-05-25,182962.4,1675.24,1934,7408.41,Y
USG001906,U01,P_EE,2024-05-26,143065.9,895.73,3734,9564.57,N
USG001907,U01,P_DR,2024-05-26,97286.7,668.82,1547,10958.23,Y
USG001908,U01,P_SR,2024-05-26,212861.3,1408.22,3328,13643.35,N
USG001909,U01,P_EV,2024-05-26,26966.9,156.27,3014,1407.68,Y
USG001910,U02,P_EE,2024-05-26,132460.8,1518.08,1353,13582.18,N
USG001911,U02,P_EV,2024-05-26,227749.4,1144.33,4319,18540.56,Y
USG001912,U03,P_EE,2024-05-26,179328.2,1199.35,3743,7743.04,Y
USG001913,U03,P_EV,2024-05-26,109580.5,971.2,147,2948.73,Y
USG001914,U04,P_EE,2024-05-26,153242.4,935.28,3542,6891.31,N
USG001915,U04,P_DR,2024-05-26,15955.5,103.27,4380,1093.51,N
USG001916,U04,P_EV,2024-05-26,31987.3,188.33,2878,3402.96,Y
USG001917,U05,P_DR,2024-05-26,125094.1,924.2,1234,7457.78,Y
USG001918,U01,P_DR,2024-05-27,235228.4,1193.92,3021,7521.15,Y
USG001919,U01,P_SR,2024-05-27,156857.7,1837.74,722,6075.9,Y
USG001920,U01,P_EV,2024-05-27,231834.1,2247.22,3849,17890.22,N
USG001921,U02,P_EE,2024-05-27,151165.1,1222.9,2591,8166.22,Y
USG001922,U02,P_DR,2024-05-27,23194.6,197.02,1761,2256.52,Y
USG001923,U03,P_EE,2024-05-27,58220.5,431.22,3637,2461.82,Y
USG001924,U03,P_DR,2024-05-27,205719.9,2357.8,997,14969.09,Y
USG001925,U03,P_SR,2024-05-27,131920.2,1350.92,2337,8372.31,Y
USG001926,U04,P_EE,2024-05-27,165892.3,1024.0,421,6634.01,Y
USG001927,U04,P_DR,2024-05-27,86493.1,776.0,2460,4557.46,Y
USG001928,U04,P_SR,2024-05-27,123182.8,1131.05,1633,11222.41,Y
USG001929,U05,P_EE,2024-05-27,8230.6,100.05,1960,421.92,Y
USG001930,U05,P_DR,2024-05-27,58758.9,298.31,230,2545.92,Y
USG001931,U01,P_DR,2024-05-28,46115.5,333.2,3587,933.7,Y
USG001932,U01,P_EV,2024-05-28,98047.8,805.4,2061,7204.48,Y
USG001933,U02,P_DR,2024-05-28,99119.6,1200.7,1244,8047.99,N
USG001934,U02,P_SR,2024-05-28,208376.3,1449.42,4499,19404.36,N
USG001935,U03,P_DR,2024-05-28,31387.5,261.42,3131,2365.56,Y
USG001936,U03,P_SR,2024-05-28,103432.5,536.29,2133,10820.53,Y
USG001937,U03,P_EV,2024-05-28,248530.0,2681.44,3857,18657.1,N
USG001938,U04,P_EE,2024-05-28,34255.9,183.24,1939,1344.91,Y
USG001939,U04,P_DR,2024-05-28,34364.1,330.39,2411,1253.79,N
USG001940,U05,P_EE,2024-05-28,185077.2,1479.77,3071,6065.17,N
USG001941,U05,P_EV,2024-05-28,54431.3,560.58,1610,3046.04,Y
USG001942,U01,P_EE,2024-05-29,124678.6,641.28,2016,11161.57,Y
USG001943,U01,P_DR,2024-05-29,63722.4,347.69,3559,2791.9,Y
USG001944,U01,P_SR,2024-05-29,28040.1,167.67,2978,2273.9,Y
USG001945,U01,P_EV,2024-05-29,20932.0,221.6,3550,1933.24,Y
USG001946,U02,P_DR,2024-05-29,112850.8,694.47,601,6689.6,Y
USG001947,U02,P_SR,2024-05-29,234804.2,2253.64,729,6943.74,Y
USG001948,U02,P_EV,2024-05-29,117556.3,666.68,4625,12370.87,Y
USG001949,U03,P_EE,2024-05-29,24770.7,151.8,1864,1175.56,Y
USG001950,U03,P_EV,2024-05-29,201650.8,1092.59,2198,15046.43,N
USG001951,U04,P_DR,2024-05-29,7857.7,40.77,4279,665.95,N
USG001952,U04,P_SR,2024-05-29,10067.5,67.48,1113,1096.82,Y
USG001953,U05,P_SR,2024-05-29,139781.1,1070.07,3992,13317.93,N
USG001954,U01,P_SR,2024-05-30,231225.3,2578.73,4480,17787.27,N
USG001955,U02,P_DR,2024-05-30,97361.8,706.68,2753,8894.96,Y
USG001956,U02,P_SR,2024-05-30,124928.8,1061.74,4281,10899.68,N
USG001957,U03,P_DR,2024-05-30,30878.5,191.27,568,1662.7,N
USG001958,U03,P_SR,2024-05-30,21500.7,182.99,2561,2144.93,Y
USG001959,U03,P_EV,2024-05-30,244640.8,2554.71,3083,26713.88,Y
USG001960,U04,P_EE,2024-05-30,20339.6,124.39,2104,1909.7,Y
USG001961,U05,P_EE,2024-05-30,67553.0,498.99,3051,6800.87,Y
USG001962,U05,P_DR,2024-05-30,97467.1,521.78,1927,11326.97,Y
USG001963,U05,P_SR,2024-05-30,230442.3,1852.0,4521,15198.29,Y
USG001964,U05,P_EV,2024-05-30,123884.0,1338.67,4982,4046.79,Y
USG001965,U01,P_DR,2024-05-31,66092.4,356.32,4975,1515.41,Y
USG001966,U01,P_SR,2024-05-31,17268.1,133.83,2239,1084.99,Y
USG001967,U01,P_EV,2024-05-31,103111.8,827.02,3570,2471.15,Y
USG001968,U02,P_EE,2024-05-31,171489.3,1040.46,2773,3537.46,Y
USG001969,U02,P_DR,2024-05-31,129740.3,907.97,432,13026.95,Y
USG001970,U02,P_EV,2024-05-31,127222.3,801.76,958,8915.3,Y
USG001971,U03,P_DR,2024-05-31,201461.5,1637.13,473,18345.51,Y
USG001972,U03,P_SR,2024-05-31,146979.8,1198.57,2305,11306.07,N
USG001973,U03,P_EV,2024-05-31,240506.7,1945.36,82,23621.57,N
USG001974,U04,P_EE,2024-05-31,151492.3,903.11,2353,12509.61,Y
USG001975,U04,P_DR,2024-05-31,214338.6,1266.06,1346,24469.36,N
USG001976,U04,P_EV,2024-05-31,153263.1,796.89,4782,5979.16,Y
USG001977,U05,P_EE,2024-05-31,174053.3,963.58,3002,5598.41,Y
USG001978,U05,P_DR,2024-05-31,160217.1,969.26,812,4883.98,Y
USG001979,U05,P_EV,2024-05-31,162707.1,825.86,3230,10539.66,Y
USG001980,U01,P_EE,2024-06-01,232784.0,1729.11,1835,14193.87,Y
USG001981,U01,P_DR,2024-06-01,189785.9,1035.54,891,17833.73,Y
USG001982,U01,P_SR,2024-06-01,79763.8,782.1,963,6336.48,Y
USG001983,U01,P_EV,2024-06-01,104214.6,714.86,4228,7831.44,N
USG001984,U02,P_DR,2024-06-01,14528.4,169.04,2043,1250.89,Y
USG001985,U02,P_SR,2024-06-01,46849.3,317.49,2992,1708.55,Y
USG001986,U03,P_DR,2024-06-01,198669.4,1409.45,2606,11371.7,N
USG001987,U04,P_SR,2024-06-01,63652.1,596.8,899,5654.73,Y
USG001988,U04,P_EV,2024-06-01,243535.5,1665.98,305,9418.41,Y
USG001989,U05,P_EE,2024-06-01,41674.2,382.9,1257,1187.93,Y
USG001990,U05,P_DR,2024-06-01,30038.1,180.46,3092,3304.51,Y
USG001991,U05,P_SR,2024-06-01,136584.9,897.5,959,15798.33,N
USG001992,U05,P_EV,2024-06-01,200198.7,1351.27,4879,5178.68,Y
USG001993,U01,P_EE,2024-06-02,107114.7,1280.78,1896,12664.08,Y
USG001994,U02,P_EE,2024-06-02,248061.9,1331.59,273,9471.85,Y
USG001995,U02,P_SR,2024-06-02,16049.8,88.93,3129,1619.51,Y
USG001996,U02,P_EV,2024-06-02,236426.4,1349.18,1062,22682.39,Y
USG001997,U03,P_EE,2024-06-02,43893.0,250.75,813,1141.35,N
USG001998,U03,P_DR,2024-06-02,101034.7,675.34,2843,2278.24,Y
USG001999,U03,P_SR,2024-06-02,130048.2,938.69,2222,14095.71,N
USG002000,U03,P_EV,2024-06-02,246225.0,1911.94,729,19878.9,Y
USG002001,U04,P_EE,2024-06-02,134499.9,1165.19,567,13696.81,Y
USG002002,U04,P_DR,2024-06-02,69427.6,487.65,2761,7031.37,Y
USG002003,U04,P_SR,2024-06-02,222994.4,1158.65,416,18293.97,Y
USG002004,U04,P_EV,2024-06-02,148288.4,864.13,2851,3154.73,Y
USG002005,U05,P_EE,2024-06-02,104130.3,838.0,4188,11122.05,Y
USG002006,U05,P_DR,2024-06-02,79197.1,677.33,1866,9352.29,Y
USG002007,U05,P_EV,2024-06-02,197489.0,1387.3,4009,4115.23,Y
USG002008,U01,P_EE,2024-06-03,88791.6,497.73,813,6574.56,Y
USG002009,U01,P_EV,2024-06-03,178929.5,1528.75,2341,6913.19,N
USG002010,U02,P_EE,2024-06-03,189378.0,989.49,915,3854.46,Y
USG002011,U02,P_EV,2024-06-03,216457.9,1288.89,4173,14699.33,Y
USG002012,U03,P_DR,2024-06-03,117770.8,590.83,4391,7952.83,N
USG002013,U03,P_EV,2024-06-03,237689.1,1227.44,3574,20194.3,Y
USG002014,U04,P_EE,2024-06-03,116308.0,1053.72,2361,12675.83,Y
USG002015,U04,P_SR,2024-06-03,103885.5,1194.22,1979,6206.64,Y
USG002016,U05,P_DR,2024-06-03,86322.5,663.05,179,2913.76,Y
USG002017,U01,P_EE,2024-06-04,204269.2,2429.14,473,9333.14,Y
USG002018,U01,P_DR,2024-06-04,163282.1,977.73,916,11860.7,Y
USG002019,U01,P_SR,2024-06-04,70144.8,593.28,4624,2297.38,Y
USG002020,U01,P_EV,2024-06-04,65758.5,358.0,4017,4519.59,Y
USG002021,U02,P_EE,2024-06-04,188889.1,1104.42,1519,13733.97,Y
USG002022,U02,P_DR,2024-06-04,76524.4,411.64,4476,7485.3,Y
USG002023,U02,P_SR,2024-06-04,188758.7,1764.84,2434,5367.88,Y
USG002024,U02,P_EV,2024-06-04,8590.8,67.37,3328,557.25,Y
USG002025,U03,P_EE,2024-06-04,101421.7,765.57,1578,11171.75,Y
USG002026,U03,P_SR,2024-06-04,223530.1,1402.47,4529,14107.66,Y
USG002027,U03,P_EV,2024-06-04,58584.6,380.03,265,3549.33,Y
USG002028,U04,P_DR,2024-06-04,79801.3,554.0,4570,9385.43,Y
USG002029,U04,P_SR,2024-06-04,215879.5,1231.63,2836,6895.0,N
USG002030,U04,P_EV,2024-06-04,160739.7,1439.88,3803,17644.33,Y
USG002031,U05,P_EE,2024-06-04,46191.1,488.26,1661,3636.21,Y
USG002032,U05,P_SR,2024-06-04,170379.7,1179.61,1438,14571.69,Y
USG002033,U05,P_EV,2024-06-04,119327.8,615.16,2175,11058.3,N
USG002034,U01,P_EE,2024-06-05,86238.3,860.36,4706,4745.07,N
USG002035,U01,P_DR,2024-06-05,73126.8,632.29,2754,5755.98,Y
USG002036,U01,P_EV,2024-06-05,80828.8,428.39,814,4901.91,Y
USG002037,U02,P_SR,2024-06-05,47035.8,388.99,2169,5408.69,N
USG002038,U02,P_EV,2024-06-05,122735.9,759.39,1825,8367.9,N
USG002039,U03,P_EE,2024-06-05,16151.4,168.19,4889,1184.7,Y
USG002040,U03,P_SR,2024-06-05,51156.2,420.52,3168,1457.25,Y
USG002041,U04,P_SR,2024-06-05,169194.0,1267.68,4087,15771.07,Y
USG002042,U05,P_SR,2024-06-05,243836.5,1494.49,4383,9758.68,Y
USG002043,U05,P_EV,2024-06-05,56514.8,491.66,475,4645.19,Y
USG002044,U01,P_EE,2024-06-06,162445.7,936.57,1739,4552.84,Y
USG002045,U01,P_SR,2024-06-06,129519.7,1378.97,3692,12522.86,N
USG002046,U02,P_EE,2024-06-06,52815.3,529.98,1540,2743.66,Y
USG002047,U02,P_SR,2024-06-06,18740.5,111.95,880,442.31,Y
USG002048,U03,P_EE,2024-06-06,16742.9,85.86,1872,1631.26,Y
USG002049,U03,P_DR,2024-06-06,130787.6,1423.85,2059,6900.22,Y
USG002050,U04,P_EE,2024-06-06,47882.2,572.86,2057,5741.29,Y
USG002051,U04,P_SR,2024-06-06,13708.0,86.12,3262,1287.12,Y
USG002052,U04,P_EV,2024-06-06,190788.1,1238.22,1439,18551.77,Y
USG002053,U05,P_DR,2024-06-06,14698.0,87.32,648,560.44,Y
USG002054,U05,P_EV,2024-06-06,46261.8,309.35,2002,1689.31,Y
USG002055,U01,P_EE,2024-06-07,53952.0,520.67,3333,3341.24,Y
USG002056,U01,P_SR,2024-06-07,30410.1,333.02,404,739.63,N
USG002057,U01,P_EV,2024-06-07,237958.8,1663.28,1742,10525.29,Y
USG002058,U02,P_EE,2024-06-07,177625.5,1720.95,3805,5544.58,Y
USG002059,U02,P_SR,2024-06-07,42026.5,364.15,4102,4237.72,Y
USG002060,U02,P_EV,2024-06-07,36238.3,326.6,402,1382.41,Y
USG002061,U03,P_EE,2024-06-07,170512.0,1222.63,3044,14630.49,Y
USG002062,U03,P_DR,2024-06-07,171015.7,997.74,2108,16063.07,Y
USG002063,U03,P_EV,2024-06-07,178970.6,1500.2,1366,18619.99,N
USG002064,U04,P_EE,2024-06-07,58249.9,480.8,1916,5341.1,Y
USG002065,U04,P_DR,2024-06-07,60294.7,596.85,960,3522.73,Y
USG002066,U04,P_EV,2024-06-07,170464.0,1084.28,3930,11041.25,Y
USG002067,U05,P_SR,2024-06-07,12288.6,139.82,4935,939.01,Y
USG002068,U05,P_EV,2024-06-07,246770.1,2273.28,3544,8049.83,N
USG002069,U01,P_DR,2024-06-08,68103.6,620.41,4707,4513.07,N
USG002070,U01,P_EV,2024-06-08,55003.1,488.76,4107,4258.05,N
USG002071,U02,P_EE,2024-06-08,40892.4,349.15,842,2713.8,N
USG002072,U02,P_SR,2024-06-08,161918.6,1202.56,1226,14565.08,Y
USG002073,U03,P_DR,2024-06-08,10288.8,68.52,4438,918.25,Y
USG002074,U03,P_SR,2024-06-08,73020.0,393.57,830,1666.45,Y
USG002075,U03,P_EV,2024-06-08,58852.4,318.7,255,4115.86,Y
USG002076,U04,P_EE,2024-06-08,48485.3,428.84,51,5358.08,N
USG002077,U04,P_DR,2024-06-08,159728.6,1057.09,3520,6465.82,Y
USG002078,U04,P_SR,2024-06-08,54962.5,330.8,2018,3255.74,N
USG002079,U04,P_EV,2024-06-08,143402.1,728.1,2841,7093.06,N
USG002080,U05,P_DR,2024-06-08,246364.2,1611.95,729,18055.85,Y
USG002081,U05,P_SR,2024-06-08,85181.7,1062.29,3026,1705.07,Y
USG002082,U05,P_EV,2024-06-08,61431.5,429.37,3197,3883.44,Y
USG002083,U01,P_SR,2024-06-09,26001.3,182.96,669,1656.04,Y
USG002084,U01,P_EV,2024-06-09,93141.1,566.73,3788,6018.54,N
USG002085,U02,P_EE,2024-06-09,207823.6,1406.92,1100,16905.53,Y
USG002086,U02,P_SR,2024-06-09,169639.1,959.89,3418,10866.38,Y
USG002087,U03,P_SR,2024-06-09,171879.1,1035.02,3986,3521.41,N
USG002088,U03,P_EV,2024-06-09,38494.1,265.77,385,3727.84,Y
USG002089,U04,P_DR,2024-06-09,57401.1,366.68,4289,6548.92,Y
USG002090,U04,P_SR,2024-06-09,137764.6,765.24,2108,7059.11,Y
USG002091,U05,P_EE,2024-06-09,94736.6,585.25,3321,3492.8,Y
USG002092,U05,P_DR,2024-06-09,118658.7,640.44,1665,5059.85,Y
USG002093,U05,P_EV,2024-06-09,221561.4,2711.18,4141,17048.34,Y
USG002094,U01,P_EE,2024-06-10,247376.1,1598.6,2275,22165.47,N
USG002095,U01,P_DR,2024-06-10,112982.4,625.33,189,11886.18,Y
USG002096,U01,P_SR,2024-06-10,11555.0,70.47,3458,521.74,Y
USG002097,U01,P_EV,2024-06-10,242108.2,2943.55,1340,23385.22,Y
USG002098,U02,P_EE,2024-06-10,66520.8,468.78,4499,6321.02,Y
USG002099,U02,P_SR,2024-06-10,108045.0,544.6,3597,9070.52,Y
USG002100,U03,P_EE,2024-06-10,214973.6,2436.02,3191,11931.35,Y
USG002101,U03,P_DR,2024-06-10,199155.2,2290.15,4310,15589.72,Y
USG002102,U03,P_SR,2024-06-10,27994.8,189.35,595,1349.42,Y
USG002103,U04,P_DR,2024-06-10,132200.5,891.53,1405,13821.2,N
USG002104,U04,P_SR,2024-06-10,235018.1,1272.16,1989,23689.22,N
USG002105,U04,P_EV,2024-06-10,109994.0,886.16,495,7587.19,Y
USG002106,U05,P_EV,2024-06-10,123135.4,728.11,338,10418.93,N
USG002107,U01,P_EE,2024-06-11,107647.5,1007.02,835,12604.42,Y
USG002108,U01,P_EV,2024-06-11,85667.9,650.7,3503,9278.08,N
USG002109,U02,P_EE,2024-06-11,11633.9,86.74,300,1355.93,Y
USG002110,U02,P_DR,2024-06-11,120332.1,784.68,1022,14243.34,Y
USG002111,U02,P_SR,2024-06-11,112684.8,572.06,3189,10936.3,Y
USG002112,U02,P_EV,2024-06-11,158509.6,1092.16,3214,5790.27,Y
USG002113,U03,P_EE,2024-06-11,170502.2,939.6,1496,11770.26,Y
USG002114,U03,P_SR,2024-06-11,202472.1,1675.88,1431,9530.76,Y
USG002115,U03,P_EV,2024-06-11,53458.7,315.61,2762,6191.97,Y
USG002116,U04,P_EE,2024-06-11,186994.3,1084.6,982,17627.51,Y
USG002117,U04,P_SR,2024-06-11,121690.0,850.28,3862,13238.0,Y
USG002118,U04,P_EV,2024-06-11,165226.2,1166.6,3799,10415.54,Y
USG002119,U05,P_EE,2024-06-11,82914.5,664.34,3031,2169.56,N
USG002120,U05,P_DR,2024-06-11,181990.2,1138.08,2274,17853.27,Y
USG002121,U05,P_EV,2024-06-11,232216.8,1292.9,3773,23427.81,Y
USG002122,U01,P_EE,2024-06-12,237449.2,1561.46,4894,18291.97,N
USG002123,U01,P_DR,2024-06-12,127632.1,784.73,3872,5887.91,Y
USG002124,U01,P_SR,2024-06-12,246127.1,2906.63,1558,19490.31,Y
USG002125,U01,P_EV,2024-06-12,106370.1,582.73,4635,3189.8,Y
USG002126,U02,P_EE,2024-06-12,5371.8,57.17,3234,204.71,Y
USG002127,U02,P_EV,2024-06-12,78746.6,420.47,3067,3174.37,Y
USG002128,U03,P_DR,2024-06-12,19601.7,104.64,2328,1513.16,N
USG002129,U03,P_SR,2024-06-12,230559.4,1556.24,2510,8398.51,N
USG002130,U03,P_EV,2024-06-12,213547.4,1115.74,2337,20544.39,Y
USG002131,U04,P_EE,2024-06-12,32420.6,182.43,4880,3087.21,Y
USG002132,U04,P_SR,2024-06-12,103119.7,836.67,1621,10425.71,Y
USG002133,U04,P_EV,2024-06-12,213948.0,1091.53,1752,13261.83,Y
USG002134,U05,P_DR,2024-06-12,246382.5,1986.61,1211,25766.93,Y
USG002135,U01,P_EE,2024-06-13,176432.9,1099.78,2709,17546.51,Y
USG002136,U01,P_EV,2024-06-13,161130.0,928.95,877,3809.02,Y
USG002137,U02,P_EE,2024-06-13,123157.7,668.98,1224,9860.71,N
USG002138,U02,P_DR,2024-06-13,133906.8,739.8,285,5105.08,Y
USG002139,U02,P_EV,2024-06-13,83603.2,545.89,540,1748.16,Y
USG002140,U03,P_EE,2024-06-13,159082.5,1792.44,1713,4781.12,Y
USG002141,U03,P_SR,2024-06-13,150947.0,1118.69,1646,17859.13,Y
USG002142,U03,P_EV,2024-06-13,178628.9,949.01,1456,13722.97,N
USG002143,U04,P_EE,2024-06-13,176945.3,1564.21,2652,11978.51,Y
USG002144,U04,P_DR,2024-06-13,132485.8,1082.82,4340,2956.56,Y
USG002145,U04,P_SR,2024-06-13,142450.6,939.41,318,5251.23,Y
USG002146,U04,P_EV,2024-06-13,115271.9,743.12,1094,7775.77,Y
USG002147,U05,P_EE,2024-06-13,205454.2,1190.05,3107,9728.66,Y
USG002148,U05,P_DR,2024-06-13,235245.7,1736.69,4500,18125.23,Y
USG002149,U05,P_SR,2024-06-13,105677.4,907.01,576,6498.59,Y
USG002150,U05,P_EV,2024-06-13,233335.1,2226.53,384,22777.1,Y
USG002151,U01,P_EE,2024-06-14,211654.6,1086.21,3886,5621.38,N
USG002152,U01,P_SR,2024-06-14,188203.3,1477.76,1901,10077.25,Y
USG002153,U01,P_EV,2024-06-14,102312.4,880.71,2173,2492.13,Y
USG002154,U02,P_EE,2024-06-14,160947.9,881.69,2017,6358.84,N
USG002155,U02,P_DR,2024-06-14,108279.8,655.95,2639,10372.47,Y
USG002156,U02,P_SR,2024-06-14,105335.7,764.49,4547,8053.36,N
USG002157,U02,P_EV,2024-06-14,35032.5,413.07,3900,1970.44,Y
USG002158,U03,P_DR,2024-06-14,91825.2,566.87,3316,9089.06,N
USG002159,U03,P_SR,2024-06-14,101143.0,622.39,4788,7352.74,Y
USG002160,U04,P_EE,2024-06-14,21009.5,182.53,1657,2210.86,Y
USG002161,U04,P_DR,2024-06-14,126893.7,759.05,3412,5397.02,N
USG002162,U04,P_EV,2024-06-14,247496.6,3001.37,4859,21825.08,Y
USG002163,U05,P_EE,2024-06-14,139917.4,723.24,877,9128.43,N
USG002164,U05,P_DR,2024-06-14,237001.9,2700.88,2324,28146.29,Y
USG002165,U01,P_EE,2024-06-15,79276.4,424.93,704,7838.83,N
USG002166,U01,P_EV,2024-06-15,31318.2,204.4,1677,736.06,Y
USG002167,U02,P_DR,2024-06-15,141235.0,1187.33,3651,13463.5,N
USG002168,U02,P_SR,2024-06-15,229003.1,1147.06,4368,5600.94,N
USG002169,U02,P_EV,2024-06-15,109748.8,738.86,2968,2896.04,N
USG002170,U03,P_EE,2024-06-15,31979.6,290.5,3138,2175.06,Y
USG002171,U03,P_DR,2024-06-15,77938.1,410.96,3354,4089.97,Y
USG002172,U03,P_SR,2024-06-15,51722.3,380.6,454,5186.86,Y
USG002173,U03,P_EV,2024-06-15,145009.4,1048.35,4234,3127.42,Y
USG002174,U04,P_DR,2024-06-15,75390.9,409.42,4326,3597.27,Y
USG002175,U04,P_SR,2024-06-15,14225.4,93.56,3270,543.55,N
USG002176,U04,P_EV,2024-06-15,153573.7,911.83,3939,4917.57,Y
USG002177,U05,P_EE,2024-06-15,134198.8,1283.25,887,12542.8,Y
USG002178,U05,P_DR,2024-06-15,226219.2,1416.97,4920,15673.91,Y
USG002179,U05,P_SR,2024-06-15,55046.8,348.53,3050,5624.15,Y
USG002180,U05,P_EV,2024-06-15,242230.5,2843.54,562,11574.28,Y
USG002181,U01,P_EE,2024-06-16,111195.2,654.34,3364,3067.15,N
USG002182,U01,P_DR,2024-06-16,231514.3,1250.5,3486,21070.12,Y
USG002183,U02,P_DR,2024-06-16,114966.1,739.21,441,8920.46,N
USG002184,U02,P_EV,2024-06-16,212226.7,1564.05,4399,19535.76,Y
USG002185,U03,P_EE,2024-06-16,173419.7,1968.23,3713,10649.61,Y
USG002186,U03,P_DR,2024-06-16,157740.5,1898.73,2426,17863.91,Y
USG002187,U03,P_SR,2024-06-16,248402.6,1422.6,1772,27480.25,Y
USG002188,U03,P_EV,2024-06-16,232488.6,1996.14,2442,21588.2,Y
USG002189,U04,P_SR,2024-06-16,230028.2,2128.82,691,15836.96,Y
USG002190,U05,P_EE,2024-06-16,197104.1,1163.8,3044,20447.6,N
USG002191,U05,P_DR,2024-06-16,45322.6,283.21,481,938.93,Y
USG002192,U05,P_SR,2024-06-16,238190.4,1544.21,4267,17348.26,N
USG002193,U05,P_EV,2024-06-16,244915.0,3035.69,2280,13918.2,Y
USG002194,U01,P_SR,2024-06-17,133020.6,1339.82,4204,4450.52,Y
USG002195,U02,P_DR,2024-06-17,153659.1,1142.72,1173,17230.29,Y
USG002196,U02,P_EV,2024-06-17,133342.4,857.83,1033,15119.35,Y
USG002197,U03,P_EE,2024-06-17,40372.8,235.06,3650,3396.59,Y
USG002198,U03,P_EV,2024-06-17,31486.4,305.2,842,3238.11,Y
USG002199,U04,P_EE,2024-06-17,82337.8,673.73,1218,6068.11,Y
USG002200,U04,P_DR,2024-06-17,165237.5,986.31,2858,14206.88,Y
USG002201,U04,P_SR,2024-06-17,70224.1,516.82,2725,5932.21,N
USG002202,U05,P_DR,2024-06-17,133765.6,805.09,1851,13484.89,Y
USG002203,U05,P_SR,2024-06-17,41639.1,451.71,1401,2397.37,Y
USG002204,U01,P_EE,2024-06-18,183116.2,1372.74,4620,5997.35,N
USG002205,U01,P_SR,2024-06-18,143678.1,1017.85,1686,13206.77,Y
USG002206,U01,P_EV,2024-06-18,185493.0,1197.94,1955,7425.74,Y
USG002207,U02,P_SR,2024-06-18,212049.9,1291.38,927,17762.8,Y
USG002208,U03,P_EE,2024-06-18,46704.6,457.68,4465,4132.35,N
USG002209,U03,P_DR,2024-06-18,29711.4,323.49,4814,2039.15,Y
USG002210,U03,P_SR,2024-06-18,247085.5,1239.85,1880,24438.22,Y
USG002211,U03,P_EV,2024-06-18,158665.6,896.51,2920,14719.01,N
USG002212,U04,P_DR,2024-06-18,241355.7,2198.91,762,23167.76,Y
USG002213,U05,P_EE,2024-06-18,201389.2,1421.29,1704,18298.97,Y
USG002214,U05,P_SR,2024-06-18,160723.7,992.68,3270,16543.31,N
USG002215,U05,P_EV,2024-06-18,168521.5,1085.33,3086,3683.74,Y
USG002216,U01,P_EE,2024-06-19,139836.3,1503.83,1505,15283.75,Y
USG002217,U01,P_SR,2024-06-19,26593.4,185.75,1347,1667.37,Y
USG002218,U01,P_EV,2024-06-19,122657.5,811.04,3282,9616.25,Y
USG002219,U02,P_EE,2024-06-19,213357.6,2260.14,1091,19474.57,Y
USG002220,U02,P_DR,2024-06-19,59713.3,322.95,1355,2554.71,Y
USG002221,U02,P_SR,2024-06-19,179642.1,2207.67,848,11464.75,N
USG002222,U02,P_EV,2024-06-19,107336.1,933.4,3986,12625.47,Y
USG002223,U03,P_DR,2024-06-19,6041.6,59.21,553,153.18,Y
USG002224,U03,P_SR,2024-06-19,52065.1,642.7,4965,5299.6,Y
USG002225,U04,P_EE,2024-06-19,87728.9,566.88,4353,9048.11,Y
USG002226,U04,P_DR,2024-06-19,238466.7,2251.7,4482,11072.27,Y
USG002227,U04,P_SR,2024-06-19,71709.8,364.81,3515,8009.52,Y
USG002228,U04,P_EV,2024-06-19,206614.9,1631.81,4169,15536.13,Y
USG002229,U05,P_EE,2024-06-19,7339.1,39.75,4366,855.57,N
USG002230,U05,P_DR,2024-06-19,200908.7,1209.04,1992,20908.76,N
USG002231,U05,P_SR,2024-06-19,59012.8,325.29,501,1685.31,Y
USG002232,U01,P_EE,2024-06-20,28724.6,174.55,203,1590.25,Y
USG002233,U01,P_DR,2024-06-20,195776.3,2170.29,2272,4344.12,Y
USG002234,U02,P_DR,2024-06-20,244498.7,1378.43,200,11387.72,Y
USG002235,U02,P_SR,2024-06-20,24713.8,158.42,4015,739.32,N
USG002236,U03,P_DR,2024-06-20,186865.3,1127.79,1138,21707.79,N
USG002237,U03,P_SR,2024-06-20,148278.9,1190.67,1844,8459.97,Y
USG002238,U03,P_EV,2024-06-20,143939.5,1444.34,1107,6825.57,Y
USG002239,U04,P_DR,2024-06-20,45639.1,433.18,891,5298.57,Y
USG002240,U04,P_SR,2024-06-20,172922.6,1114.23,3379,18251.43,N
USG002241,U04,P_EV,2024-06-20,205932.3,1092.7,3179,5153.56,N
USG002242,U05,P_SR,2024-06-20,16608.5,148.22,2019,1055.85,Y
USG002243,U05,P_EV,2024-06-20,149792.0,793.87,422,7385.28,Y
USG002244,U01,P_EE,2024-06-21,109749.6,947.14,3170,12894.93,Y
USG002245,U01,P_SR,2024-06-21,156697.6,1310.84,4774,8072.38,Y
USG002246,U01,P_EV,2024-06-21,150000.4,879.45,2164,14263.72,N
USG002247,U02,P_EE,2024-06-21,174161.6,1467.41,3143,6100.58,N
USG002248,U02,P_EV,2024-06-21,196511.4,1202.56,1635,9558.02,Y
USG002249,U03,P_EE,2024-06-21,171222.1,1278.23,3072,17505.89,Y
USG002250,U03,P_DR,2024-06-21,163789.7,1104.8,3207,12748.31,Y
USG002251,U03,P_EV,2024-06-21,47381.9,399.73,3920,1200.55,Y
USG002252,U04,P_EE,2024-06-21,212700.1,1224.92,583,19850.84,Y
USG002253,U04,P_DR,2024-06-21,222328.6,1171.7,1745,13317.3,Y
USG002254,U04,P_EV,2024-06-21,89062.5,808.74,1101,3671.26,Y
USG002255,U05,P_EE,2024-06-21,59096.6,381.12,1504,2171.64,Y
USG002256,U05,P_SR,2024-06-21,143381.5,976.52,568,9847.91,N
USG002257,U05,P_EV,2024-06-21,77848.3,415.45,4926,7317.26,Y
USG002258,U01,P_EE,2024-06-22,199185.5,2072.51,1486,22757.99,Y
USG002259,U01,P_DR,2024-06-22,240615.1,1765.46,4278,17710.98,Y
USG002260,U02,P_EE,2024-06-22,50760.2,262.3,3458,2508.12,Y
USG002261,U02,P_DR,2024-06-22,219421.0,2107.09,344,18810.31,N
USG002262,U02,P_SR,2024-06-22,239669.3,1340.06,2598,8764.71,Y
USG002263,U02,P_EV,2024-06-22,106216.8,1048.71,3569,3047.42,Y
USG002264,U03,P_EE,2024-06-22,215300.4,1183.3,1736,16336.59,N
USG002265,U03,P_DR,2024-06-22,115764.0,1103.41,279,8693.62,Y
USG002266,U03,P_SR,2024-06-22,16461.0,136.25,1103,1021.37,Y
USG002267,U04,P_DR,2024-06-22,15878.9,104.48,3063,1544.7,Y
USG002268,U05,P_EE,2024-06-22,187064.0,1812.56,4545,6281.69,Y
USG002269,U05,P_DR,2024-06-22,94438.2,613.1,1591,4298.07,Y
USG002270,U05,P_SR,2024-06-22,60234.0,515.86,3839,4420.86,N
USG002271,U05,P_EV,2024-06-22,159509.4,904.5,1058,10862.42,N
USG002272,U01,P_EE,2024-06-23,163853.0,1218.36,570,15365.33,Y
USG002273,U01,P_DR,2024-06-23,177777.6,987.25,3028,19918.07,N
USG002274,U01,P_EV,2024-06-23,80743.7,696.6,3207,9034.63,Y
USG002275,U02,P_EE,2024-06-23,151585.5,831.25,1597,8063.64,Y
USG002276,U02,P_DR,2024-06-23,149554.9,1269.06,1076,17862.04,Y
USG002277,U02,P_SR,2024-06-23,223629.2,1156.33,469,18806.81,Y
USG002278,U02,P_EV,2024-06-23,16362.1,123.38,3302,463.56,Y
USG002279,U03,P_EE,2024-06-23,233742.8,1910.1,1747,22097.84,N
USG002280,U04,P_EE,2024-06-23,70644.2,451.81,4423,3154.77,Y
USG002281,U04,P_DR,2024-06-23,211543.6,1120.4,2225,10292.09,Y
USG002282,U04,P_SR,2024-06-23,22721.6,202.76,4438,2316.47,Y
USG002283,U04,P_EV,2024-06-23,99698.0,1070.2,3328,10977.72,Y
USG002284,U05,P_EE,2024-06-23,187706.9,997.08,3210,16019.89,Y
USG002285,U05,P_DR,2024-06-23,174235.9,1394.21,693,8846.5,Y
USG002286,U05,P_SR,2024-06-23,153435.8,889.81,2994,3496.49,N
USG002287,U05,P_EV,2024-06-23,177581.5,987.0,2456,14076.89,N
USG002288,U01,P_EE,2024-06-24,211928.1,1360.63,4508,20263.07,Y
USG002289,U01,P_DR,2024-06-24,125072.8,1284.21,1379,14798.89,Y
USG002290,U01,P_SR,2024-06-24,150267.7,1187.62,819,9361.42,Y
USG002291,U01,P_EV,2024-06-24,249776.7,1498.43,66,6457.72,Y
USG002292,U02,P_EE,2024-06-24,238190.9,1216.83,757,16623.4,N
USG002293,U02,P_DR,2024-06-24,153446.1,1503.8,3013,3838.19,Y
USG002294,U02,P_SR,2024-06-24,174780.1,1540.31,4871,9905.42,Y
USG002295,U02,P_EV,2024-06-24,236019.8,1474.33,3345,25586.09,N
USG002296,U03,P_DR,2024-06-24,89975.8,661.17,1665,6474.88,N
USG002297,U03,P_SR,2024-06-24,228082.6,1222.19,1112,11206.25,Y
USG002298,U04,P_EE,2024-06-24,81157.0,652.21,4265,1732.01,Y
USG002299,U04,P_DR,2024-06-24,35759.1,386.96,1679,3118.71,N
USG002300,U04,P_SR,2024-06-24,12437.9,68.51,1812,1052.08,N
USG002301,U04,P_EV,2024-06-24,96495.8,620.4,4585,9544.65,Y
USG002302,U05,P_EE,2024-06-24,147714.7,1209.82,1236,15364.65,Y
USG002303,U05,P_EV,2024-06-24,143699.6,1089.93,1566,3631.68,N
USG002304,U01,P_EE,2024-06-25,95183.5,1098.6,4857,2846.23,Y
USG002305,U01,P_DR,2024-06-25,199897.7,1035.34,348,11198.63,N
USG002306,U01,P_SR,2024-06-25,44600.2,451.77,4297,1142.93,Y
USG002307,U02,P_SR,2024-06-25,103312.4,692.14,3626,4410.82,N
USG002308,U02,P_EV,2024-06-25,70978.7,618.47,846,6965.4,Y
USG002309,U03,P_EE,2024-06-25,115325.9,814.27,2378,5637.51,Y
USG002310,U03,P_DR,2024-06-25,28108.8,140.93,2372,2700.42,Y
USG002311,U03,P_SR,2024-06-25,80371.9,451.95,3404,6753.3,Y
USG002312,U03,P_EV,2024-06-25,217460.6,2320.43,355,20084.2,Y
USG002313,U04,P_SR,2024-06-25,107301.5,1164.58,1297,4494.32,Y
USG002314,U04,P_EV,2024-06-25,242992.6,2268.36,2967,19694.55,Y
USG002315,U05,P_EE,2024-06-25,202350.2,2288.56,1355,15491.66,N
USG002316,U05,P_EV,2024-06-25,60817.2,334.88,3267,5420.5,Y
USG002317,U01,P_EE,2024-06-26,129308.5,1447.94,2042,12460.76,Y
USG002318,U02,P_EE,2024-06-26,126945.5,737.5,1741,15167.74,Y
USG002319,U02,P_DR,2024-06-26,133894.0,1079.75,4083,14188.41,Y
USG002320,U02,P_SR,2024-06-26,142929.3,1537.49,2598,5759.99,Y
USG002321,U02,P_EV,2024-06-26,197714.7,2373.35,788,22169.43,Y
USG002322,U03,P_EE,2024-06-26,117393.9,851.25,1652,5495.95,N
USG002323,U03,P_DR,2024-06-26,171790.2,872.82,1162,7082.46,Y
USG002324,U03,P_SR,2024-06-26,28002.5,150.81,2214,3271.71,Y
USG002325,U04,P_EE,2024-06-26,243991.0,1410.28,2730,8305.13,Y
USG002326,U04,P_DR,2024-06-26,203226.4,1519.0,2831,15145.94,N
USG002327,U04,P_SR,2024-06-26,112443.3,1401.24,1204,11807.51,Y
USG002328,U04,P_EV,2024-06-26,68623.7,564.09,413,6979.72,Y
USG002329,U05,P_EE,2024-06-26,214379.8,1109.9,223,7738.0,Y
USG002330,U01,P_EE,2024-06-27,139135.4,888.41,116,16437.18,Y
USG002331,U01,P_SR,2024-06-27,25841.4,193.28,3343,2205.87,N
USG002332,U02,P_EE,2024-06-27,245148.4,1608.39,230,14238.1,Y
USG002333,U02,P_SR,2024-06-27,115971.8,812.04,718,13724.22,N
USG002334,U02,P_EV,2024-06-27,125806.2,676.62,1239,4329.42,N
USG002335,U03,P_EE,2024-06-27,116531.1,1025.94,2577,6759.27,Y
USG002336,U03,P_DR,2024-06-27,186905.8,1058.29,2912,16811.18,Y
USG002337,U03,P_EV,2024-06-27,52493.4,348.04,1550,3459.47,Y
USG002338,U04,P_EE,2024-06-27,173828.0,926.03,1988,18176.63,N
USG002339,U04,P_DR,2024-06-27,24508.4,137.11,58,2643.66,Y
USG002340,U04,P_EV,2024-06-27,133994.7,1171.04,3822,7148.24,Y
USG002341,U05,P_EE,2024-06-27,49782.7,331.79,3237,4796.53,Y
USG002342,U05,P_DR,2024-06-27,139954.5,1503.5,590,4222.37,Y
USG002343,U05,P_SR,2024-06-27,213584.4,1336.03,475,18762.2,Y
USG002344,U05,P_EV,2024-06-27,151017.3,837.1,3811,3581.72,N
USG002345,U01,P_DR,2024-06-28,94437.5,516.88,4542,5761.2,Y
USG002346,U01,P_SR,2024-06-28,176870.2,939.12,3426,6596.5,Y
USG002347,U01,P_EV,2024-06-28,164852.8,1127.38,123,7849.26,Y
USG002348,U02,P_SR,2024-06-28,213905.6,1142.03,633,17914.61,N
USG002349,U02,P_EV,2024-06-28,95991.6,980.58,3694,5934.42,Y
USG002350,U03,P_EE,2024-06-28,192873.7,970.71,4047,14382.2,Y
USG002351,U03,P_EV,2024-06-28,183700.5,1129.34,1473,14002.59,Y
USG002352,U04,P_EE,2024-06-28,48036.7,329.6,3430,2040.39,N
USG002353,U04,P_DR,2024-06-28,66965.7,366.5,2460,3361.51,N
USG002354,U04,P_SR,2024-06-28,225877.8,1169.98,1315,21653.57,Y
USG002355,U04,P_EV,2024-06-28,231845.8,1298.48,2542,19620.44,Y
USG002356,U05,P_EE,2024-06-28,93349.7,1115.5,1116,9838.03,Y
USG002357,U05,P_EV,2024-06-28,63148.7,416.31,1431,4936.31,Y
